step,type,amount,nameOrig,oldbalanceOrg,newbalanceOrg,nameDest,oldbalanceDest,newbalanceDest,isFraud,isFlaggedFraud
44,PAYMENT,2585.41,C5012872,23803.54,21218.13,M5388736,365191.27,116491.79,0,0
19,CASH_OUT,7056.19,C5147163,100809.94,93753.75,M2295350,175725.64,277312.87,0,0
47,PAYMENT,3635.02,C1714015,24430.1,20795.08,M3464346,448184.1,420409.28,0,0
10,PAYMENT,3255.93,C8942528,44158.21,40902.28,M6424741,60557.32,470094.1,0,0
23,DEBIT,3012.05,C1109465,14272.24,11260.19,M5886007,975899.53,560400.09,0,0
38,PAYMENT,8242.8,C4310434,100823.55,92580.75,M2392850,374203.89,1091383.85,0,0
24,PAYMENT,15482.76,C8934142,71888.22,56405.46,M3528442,724572.41,270206.85,0,0
33,PAYMENT,26658.31,C3997101,509911.6,483253.29,M7291555,572569.1,346106.94,0,0
15,CASH_IN,160315.96,C2160212,1491064.06,1651380.02,M7054103,880292.59,282629.1,0,0
39,CASH_OUT,5067.79,C4933634,52846.11,47778.32,M3248217,84243.75,615352.56,0,0
18,CASH_IN,1557.11,C8043265,10385.85,11942.96,M6421747,235735.79,12541.91,0,0
45,CASH_IN,4661.23,C1967057,88239.9,92901.13,M2989725,672860.71,1043756.85,0,0
19,PAYMENT,1253.52,C9991824,20444.99,19191.47,M5720709,8181.81,472475.25,0,0
25,CASH_OUT,2241.94,C3886371,42979.35,40737.41,M5699607,931751.05,153946.95,0,0
20,CASH_IN,7917.28,C9274562,125797.75,133715.03,M4823693,609246.93,785397.33,0,0
19,PAYMENT,11940.49,C6197572,78508.23,66567.74,M9544560,245518.66,482280.42,0,0
36,PAYMENT,10351.14,C6497952,70234.11,59882.97,M5786513,513980.79,578584.15,0,0
46,PAYMENT,33969.24,C1548294,385483.38,351514.14,M7535695,919587.74,1088792.19,0,0
15,PAYMENT,3047.83,C7318232,21639.03,18591.2,M3641445,380668.59,811307.44,0,0
15,PAYMENT,27549.1,C9426673,541528.41,513979.31,M1787044,363344.69,1045496.92,0,0
11,PAYMENT,3540.88,C9205081,53160.71,49619.83,M7370057,382961.84,328804.34,0,0
28,PAYMENT,1771.32,C6881778,34506.03,32734.71,M8261157,448075.41,901065.73,0,0
28,PAYMENT,1772.59,C7942381,9811.41,8038.82,M4064367,263105.78,748629.84,0,0
41,DEBIT,4516.42,C7922275,72246.34,67729.92,M5295757,508104.49,266751.97,0,0
20,PAYMENT,1918.33,C6443252,30345.38,28427.05,M4864720,641202.82,879095.64,0,0
17,PAYMENT,10347.71,C2694365,65244.81,54897.1,M8632126,181593.58,1098508.53,0,0
38,CASH_IN,10351.05,C8008955,200445.99,210797.04,M6423024,912772.07,935898.99,0,0
35,PAYMENT,1407.12,C3626113,12003.46,10596.34,M7967044,116646.59,710277.27,0,0
35,PAYMENT,14234.67,C9876383,154436.75,140202.08,M2519010,49930.05,160472.13,0,0
25,CASH_OUT,3106.93,C8976270,39498.02,36391.09,M1344074,76004.82,444686.12,0,0
12,CASH_OUT,3316.59,C3487381,8402.78,5086.19,M9288442,448703.35,301937.87,0,0
21,PAYMENT,1939.69,C7253349,20445.44,18505.75,M4371704,591208.04,320757.75,0,0
5,PAYMENT,8622.96,C4707490,135194.23,126571.27,M6637429,683977.09,490446.38,0,0
8,TRANSFER,143312022.37,C3275316,155311648.51,11999626.14,C4232172,559.46,143317661.04,1,0
30,CASH_IN,2720.51,C3061515,42279.87,45000.38,M5026072,351814.51,508530.77,0,0
4,PAYMENT,4805.9,C6775746,17543.63,12737.73,M5198605,326433.95,118825.55,0,0
37,CASH_OUT,1945.68,C7539688,10511.17,8565.49,M5796455,967513.75,936020.61,0,0
43,PAYMENT,9199.63,C9546401,73128.81,63929.18,M6651133,139045.15,160651.41,0,0
30,PAYMENT,2481.18,C4064278,5449.08,2967.9,M3612181,406278.34,498807.04,0,0
15,PAYMENT,1274.65,C3765100,18200.18,16925.53,M3819225,831874.16,274374.05,0,0
36,CASH_IN,5225.71,C4140329,93073.69,98299.4,M8835943,36886.54,941599.06,0,0
6,CASH_IN,1563.47,C2924531,8467.59,10031.06,M5577918,263404.61,852990.21,0,0
19,PAYMENT,1350.38,C3887794,19851.1,18500.72,M4881163,560835.81,70385.31,0,0
30,PAYMENT,1283.19,C3355184,19633.54,18350.35,M5752252,522636.24,502210.31,0,0
31,CASH_OUT,12942.79,C9093728,164252.33,151309.54,M4229051,218307.8,1063595.54,0,0
10,TRANSFER,4020576.81,C6727192,4020576.81,0.0,C7113229,7989.64,4029079.87,1,0
35,CASH_IN,6467.72,C8493592,31673.05,38140.77,M4894264,461996.56,722466.28,0,0
28,CASH_OUT,17314.15,C6765521,22715.79,5401.64,M1782487,78514.49,348377.61,0,0
47,TRANSFER,9869886.83,C5553406,9869886.83,0.0,C7660822,5532.89,9870628.0,1,0
41,DEBIT,12026.7,C6437874,186556.97,174530.27,M7651839,974586.57,124101.39,0,0
4,PAYMENT,27919.19,C1583682,180433.15,152513.96,M4180768,324833.38,101889.77,0,0
40,PAYMENT,2289.05,C8536945,11157.94,8868.89,M4305926,179101.98,415128.6,0,0
21,PAYMENT,8075.83,C2824190,66661.44,58585.61,M8235797,217440.03,528004.08,0,0
10,DEBIT,8318.06,C8489128,159745.98,151427.92,M7558225,751997.0,492455.08,0,0
4,PAYMENT,73402.78,C2081766,315909.26,242506.48,M9230198,254530.55,54192.61,0,0
16,PAYMENT,1374.15,C4786317,21297.21,19923.06,M7913988,191591.77,734584.64,0,0
40,PAYMENT,70363.71,C3894584,200168.21,129804.5,M4138829,175436.12,38752.09,0,0
35,CASH_IN,4165.46,C9701382,17523.99,21689.45,M7936415,897493.43,77612.72,0,0
44,PAYMENT,5448.03,C9448260,83938.06,78490.03,M4552070,182834.42,764589.82,0,0
22,CASH_OUT,2732.37,C1463369,15798.22,13065.85,M3772762,125782.11,331492.43,0,0
25,CASH_IN,1726.71,C1642796,15105.78,16832.49,M1675014,54948.33,359485.86,0,0
17,CASH_OUT,91626.61,C3783900,434128.19,345363.53,C6249730,9910.29,99711.71,1,0
10,CASH_IN,2188.36,C3245908,7965.27,10153.63,M4307849,125141.96,262071.98,0,0
22,PAYMENT,2175.34,C1243352,25992.89,23817.55,M9098850,419645.79,502081.28,0,0
8,PAYMENT,4509.45,C5757165,72194.6,67685.15,M2957532,747541.55,354489.55,0,0
30,PAYMENT,1161.54,C9403393,20788.89,19627.35,M3046078,664918.8,199532.57,0,0
8,PAYMENT,11631.27,C4945853,209397.54,197766.27,M1357741,66916.35,913697.91,0,0
21,CASH_OUT,3591.43,C5465407,64285.88,60694.45,M7339853,704847.39,605907.0,0,0
42,CASH_IN,6077.01,C9123132,86144.63,92221.64,M2117611,57654.12,152000.77,0,0
23,PAYMENT,4806.59,C2880031,58081.29,53274.7,M4967743,806118.12,388400.77,0,0
19,TRANSFER,7247367.87,C6372749,7247367.87,0.0,C8806335,4305.94,7257245.9,1,0
36,DEBIT,1775.87,C7443266,21908.61,20132.74,M2675870,671064.89,801029.45,0,0
4,PAYMENT,2830.21,C4898318,45316.56,42486.35,M7032820,698659.19,568062.84,0,0
29,PAYMENT,16618.54,C6638246,249338.51,232719.97,M1381793,335518.4,75528.85,0,0
7,PAYMENT,1031.09,C1021182,2818.91,1787.82,M4932893,74247.87,151919.28,0,0
29,PAYMENT,7515.62,C7542822,122669.48,115153.86,M7081342,826113.23,563393.12,0,0
31,PAYMENT,1615.08,C5939137,28697.25,27082.17,M3698981,140741.97,436184.65,0,0
19,PAYMENT,2135.74,C5182142,14788.44,12652.7,M8590515,307924.76,871616.93,0,0
25,CASH_OUT,7091.34,C2431075,27536.56,20445.22,M6902957,84877.94,808718.02,0,0
33,TRANSFER,5756493.73,C1653466,5756493.73,0.0,C3438065,9629.03,5760335.5,1,0
8,PAYMENT,8746.81,C7200011,86646.71,77899.9,M9507676,19770.44,619633.83,0,0
8,CASH_OUT,6792.1,C7069196,8667.99,1875.89,M3651510,969066.41,718127.54,0,0
36,PAYMENT,1180.67,C6336497,7821.96,6641.29,M4503016,376493.42,99190.84,0,0
10,DEBIT,7226.55,C2206180,71667.9,64441.35,M6957300,349030.88,96562.16,0,0
21,CASH_OUT,1411.05,C2507488,6412.25,5001.2,M9973720,133771.27,249988.27,0,0
23,PAYMENT,30881.83,C1130511,65082.36,34200.53,M9214015,599063.31,583991.28,0,0
8,PAYMENT,1896.61,C5465320,7516.8,5620.19,M6437297,967612.53,664763.4,0,0
43,CASH_IN,2723.27,C8901672,16844.3,19567.57,M9124583,555509.49,314825.73,0,0
31,TRANSFER,2047352.81,C7303832,2047352.81,0.0,C4352509,8719.28,2056144.84,1,0
24,CASH_IN,8346.79,C4006476,14188.93,22535.72,M7631027,857932.76,344941.04,0,0
37,PAYMENT,4259.91,C3895888,66092.46,61832.55,M3114731,289110.69,55327.48,0,0
15,PAYMENT,7860.83,C9557651,33050.05,25189.22,M4402522,504167.46,743150.36,0,0
43,PAYMENT,10283.58,C2611243,155199.97,144916.39,M3818815,228234.93,1086317.56,0,0
23,PAYMENT,3095.3,C4735748,39895.18,36799.88,M5671682,850464.34,488828.96,0,0
45,PAYMENT,1148.61,C9054270,3479.4,2330.79,M8061986,525089.2,647293.98,0,0
24,PAYMENT,1492.64,C4371380,13448.18,11955.54,M7928755,628011.31,113285.81,0,0
38,PAYMENT,1171.56,C7505205,3660.59,2489.03,M6022070,540698.12,836115.97,0,0
25,TRANSFER,7636216.79,C2322941,7636216.79,0.0,C3968626,3023.89,7640623.91,1,0
5,CASH_IN,1834.06,C8489629,15500.71,17334.77,M9241837,672434.28,173607.98,0,0
9,CASH_OUT,13107.18,C1581569,43619.1,30511.92,M9207803,953580.11,860682.79,0,0
14,PAYMENT,4128.99,C1627214,71545.05,67416.06,M8383933,804344.14,525231.97,0,0
24,PAYMENT,1161.64,C4237071,11767.59,10605.95,M3329289,111027.44,546235.16,0,0
14,PAYMENT,25491.52,C2604950,504794.88,479303.36,M6464967,987569.26,721403.49,0,0
33,PAYMENT,1266.05,C3335578,14136.96,12870.91,M2625864,542828.09,1066990.6,0,0
16,PAYMENT,1302.55,C7293539,23372.28,22069.73,M3753326,635317.11,853676.47,0,0
9,PAYMENT,1527.35,C1799482,18265.48,16738.13,M1218991,317010.59,87875.2,0,0
3,CASH_IN,3262.4,C3575028,42314.24,45576.64,M8487260,151137.17,42282.52,0,0
7,DEBIT,1807.71,C6237056,21581.63,19773.92,M1050898,831958.88,476468.52,0,0
44,PAYMENT,24968.15,C3278336,340648.64,315680.49,M2401809,31884.31,842327.88,0,0
18,CASH_OUT,8138.18,C3494985,91178.51,83040.33,M4394758,856987.46,977267.91,0,0
27,CASH_OUT,5422.22,C2268460,75584.21,70161.99,M3021202,21644.33,905423.2,0,0
12,CASH_OUT,4138.46,C1574670,20366.43,16227.97,M9597886,787090.39,556575.63,0,0
29,PAYMENT,1459.17,C6110193,28749.1,27289.93,M2685575,602109.45,895443.59,0,0
16,DEBIT,63949.02,C7029367,467069.66,403120.64,M3879846,590299.08,443745.46,0,0
2,PAYMENT,1951.55,C9144502,34485.2,32533.65,M1579095,942736.65,486960.15,0,0
18,PAYMENT,3555.18,C6937101,28927.07,25371.89,M7451673,413466.94,472215.42,0,0
37,PAYMENT,4066.95,C5816896,5278.44,1211.49,M2711294,155599.6,49125.46,0,0
25,TRANSFER,1262095.18,C6903717,1262095.18,0.0,C8035750,6190.57,1269814.9,1,0
31,PAYMENT,2929.32,C1002571,10608.81,7679.49,M7019850,993763.73,147791.98,0,0
29,PAYMENT,27796.13,C6540875,366626.7,338830.57,M5973276,886912.34,540220.49,0,0
18,PAYMENT,14198.75,C8701033,19221.9,5023.15,M7785112,1772.58,477679.2,0,0
17,CASH_IN,3353.48,C3388330,21504.14,24857.62,M4490616,969051.06,256733.02,0,0
5,PAYMENT,5207.45,C8371978,32853.97,27646.52,M3804970,320420.51,259847.48,0,0
36,DEBIT,3743.86,C5118589,13821.22,10077.36,M2331341,231029.64,976322.19,0,0
6,CASH_IN,3472.62,C8820816,34199.59,37672.21,M3633474,285286.54,831381.29,0,0
1,PAYMENT,4156.22,C4975961,36841.89,32685.67,M2649425,651336.15,766827.37,0,0
32,CASH_OUT,2477.24,C3483011,11064.28,8587.04,M3502062,445774.87,1005868.87,0,0
37,CASH_IN,2405.58,C9424120,25759.71,28165.29,M4825923,7036.62,59899.24,0,0
7,CASH_IN,3877.16,C1061807,60179.81,64056.97,M3272149,926951.5,1057381.51,0,0
29,PAYMENT,2099.56,C2491147,26915.42,24815.86,M5774682,424718.05,933314.96,0,0
25,CASH_IN,6526.31,C6413976,101023.23,107549.54,M8328828,342626.65,686037.3,0,0
4,CASH_OUT,2606.35,C3363498,43153.03,40546.68,M5578920,731377.7,49259.03,0,0
24,PAYMENT,4000.06,C2845695,27908.94,23908.88,M4707274,706354.57,644389.88,0,0
21,CASH_IN,13412.01,C7600250,94977.02,108389.03,M3031522,254677.12,374524.3,0,0
15,CASH_OUT,33018.34,C7217905,119136.42,86118.08,M1317412,71160.88,513827.79,0,0
28,PAYMENT,1388.92,C7889415,22015.88,20626.96,M5732529,129878.28,572137.04,0,0
26,CASH_OUT,1124.93,C9829065,8153.33,7028.4,M1733080,772434.41,182018.38,0,0
30,PAYMENT,1615.75,C4014761,30193.22,28577.47,M6892164,213248.57,173791.94,0,0
14,PAYMENT,1130.27,C6383526,19048.9,17918.63,M2097213,112598.12,896820.38,0,0
35,CASH_OUT,351384.29,C9425761,735150.43,388107.11,C6936498,555.27,360482.68,1,0
16,PAYMENT,1816.78,C6957760,4375.48,2558.7,M7860768,201969.84,29442.04,0,0
24,CASH_OUT,40192.16,C9327999,386024.02,345831.86,M4661137,288813.91,774619.22,0,0
15,PAYMENT,1629.83,C9594072,23693.74,22063.91,M7487622,999.48,324164.17,0,0
7,CASH_IN,5806.69,C7567785,90534.32,96341.01,M1781664,843929.71,766464.7,0,0
21,CASH_IN,6194.62,C2681372,87080.12,93274.74,M6131960,517736.88,266379.01,0,0
34,PAYMENT,2347.96,C6814452,19596.08,17248.12,M4913797,317712.6,995358.28,0,0
9,PAYMENT,20372.8,C8919327,250430.62,230057.82,M6534518,535483.98,762528.12,0,0
34,PAYMENT,1528.65,C6736563,12082.49,10553.84,M7586381,107966.9,787590.83,0,0
11,CASH_IN,7813.15,C2767447,53689.33,61502.48,M5961368,727317.67,809372.54,0,0
23,PAYMENT,1654.99,C6192524,6006.89,4351.9,M8414902,535951.92,458261.55,0,0
30,DEBIT,1650.09,C1441516,18012.79,16362.7,M3695232,426434.25,194782.24,0,0
19,PAYMENT,1505.91,C4398896,12466.8,10960.89,M4785073,446782.15,796208.5,0,0
43,PAYMENT,1120.78,C7005878,18452.8,17332.02,M2143744,843378.73,557487.17,0,0
10,TRANSFER,108194600.86,C1451341,117629586.72,9434985.86,C9337252,4342.62,108198878.21,1,0
34,DEBIT,5245.69,C7428689,57837.32,52591.63,M8919601,657260.25,572083.32,0,0
19,PAYMENT,8670.13,C9097024,29679.34,21009.21,M5963366,357859.55,880516.5,0,0
13,PAYMENT,3070.28,C6775891,13139.18,10068.9,M9998981,852350.97,946825.13,0,0
8,PAYMENT,1358.89,C1258157,24313.13,22954.24,M9798073,16470.73,908671.08,0,0
3,CASH_IN,1879.5,C3169509,3879.92,5759.42,M2455936,856020.65,8080.6,0,0
31,PAYMENT,10258.68,C5981857,61518.86,51260.18,M8671972,709841.38,504275.15,0,0
27,PAYMENT,7255.97,C9895165,119112.69,111856.72,M9175542,154070.11,720855.56,0,0
17,PAYMENT,4296.12,C2741406,13912.53,9616.41,M4596335,584932.24,684649.64,0,0
5,CASH_OUT,146571.07,C8988921,521747.89,379043.65,C4749661,2184.41,151600.12,1,0
40,PAYMENT,15486.9,C8377518,285993.86,270506.96,M7362148,62617.22,153571.47,0,0
22,PAYMENT,4070.18,C4072649,64550.1,60479.92,M3179149,85450.97,618713.83,0,0
44,CASH_OUT,2090.09,C7411475,9518.69,7428.6,M6484497,250852.23,226710.15,0,0
7,PAYMENT,1719.85,C2488361,12178.2,10458.35,M4042024,871958.54,159992.45,0,0
7,CASH_OUT,2202.25,C9901861,18507.98,16305.73,M6060174,220391.72,70564.84,0,0
36,CASH_OUT,10961.11,C5519404,173425.54,162464.43,M7232812,248988.09,88467.42,0,0
15,PAYMENT,1654.88,C1630391,18460.08,16805.2,M2009633,708584.23,884104.05,0,0
25,CASH_OUT,1166.83,C9487211,11795.75,10628.92,M3984020,697757.34,687010.84,0,0
33,PAYMENT,1077.99,C2441352,3226.26,2148.27,M1019623,721499.63,425930.85,0,0
21,PAYMENT,3334.2,C3450051,49216.14,45881.94,M9397559,327386.65,597121.62,0,0
26,CASH_IN,1118.35,C1119581,2147.98,3266.33,M7716466,338236.51,964343.02,0,0
14,PAYMENT,8148.44,C1340481,141147.04,132998.6,M7047302,919854.77,543091.96,0,0
47,PAYMENT,4873.71,C2295298,87713.72,82840.01,M5704162,275040.69,549741.96,0,0
6,PAYMENT,3440.45,C3223195,21607.33,18166.88,M9430916,712299.01,512161.85,0,0
40,PAYMENT,58820.09,C7106310,476271.68,417451.59,M7382796,944749.94,18197.47,0,0
25,PAYMENT,1828.88,C3014831,23911.79,22082.91,M2944685,525019.38,856182.62,0,0
7,PAYMENT,1401.5,C2808040,8233.38,6831.88,M2761961,808739.87,851635.99,0,0
13,PAYMENT,1594.6,C8049934,28019.02,26424.42,M7258461,653199.37,469994.29,0,0
16,CASH_IN,54364.38,C5160054,838647.5,893011.88,M7655422,953191.43,1036260.93,0,0
13,PAYMENT,3528.87,C7657876,10216.43,6687.56,M5929736,417735.1,2132.51,0,0
7,PAYMENT,19796.55,C9411431,318718.37,298921.82,M4399846,650175.38,104064.87,0,0
27,PAYMENT,8331.89,C1514537,114917.49,106585.6,M2171077,745758.28,738286.58,0,0
19,PAYMENT,1470.66,C3414129,13255.71,11785.05,M7535139,584728.72,515839.94,0,0
29,TRANSFER,102344051.6,C3429001,109493729.77,7149678.17,C7200764,6689.26,102352715.78,1,0
29,CASH_IN,4880.34,C3401489,71720.71,76601.05,M1345211,985137.41,422538.92,0,0
9,PAYMENT,2260.91,C5627611,9298.33,7037.42,M6517092,358676.98,589257.49,0,0
21,PAYMENT,1200.47,C7416843,16352.74,15152.27,M2000655,188094.47,342810.0,0,0
4,DEBIT,5847.35,C8550559,70072.59,64225.24,M6322172,695711.63,2410.59,0,0
36,CASH_OUT,52078.59,C9486264,191558.82,139480.23,M4923103,622505.3,413967.45,0,0
46,TRANSFER,2640395.98,C2660921,2640395.98,0.0,C5544628,7749.88,2646386.79,1,0
23,CASH_IN,1825.41,C6882352,25569.73,27395.14,M5471089,632872.28,554757.44,0,0
24,PAYMENT,22850.82,C8960629,185379.44,162528.62,M8724318,777527.74,678455.09,0,0
10,DEBIT,13527.21,C6487835,107911.18,94383.97,M7530797,269972.22,1044976.74,0,0
44,PAYMENT,6248.13,C2397566,71226.02,64977.89,M6023648,227077.51,643590.83,0,0
36,PAYMENT,13325.12,C4343793,159214.79,145889.67,M1538467,795113.11,1017222.44,0,0
19,PAYMENT,3225.99,C2823413,34465.12,31239.13,M5035655,906134.04,485397.83,0,0
32,PAYMENT,1421.14,C3909392,7166.27,5745.13,M3898894,541018.43,648416.99,0,0
27,PAYMENT,3050.97,C6070483,48110.48,45059.51,M1211098,209081.98,723901.62,0,0
21,CASH_OUT,10366.43,C1716981,189555.88,179189.45,M5663250,390892.22,394965.27,0,0
27,CASH_OUT,18844.8,C2457635,259315.86,240471.06,M9264042,795761.84,688450.04,0,0
41,PAYMENT,7182.91,C2497844,128336.35,121153.44,M9679590,186598.82,497807.26,0,0
22,CASH_OUT,35724.26,C6058605,630821.97,595097.71,M7009210,311972.65,192693.66,0,0
20,PAYMENT,6734.94,C7072016,30251.37,23516.43,M8862041,400883.15,423003.58,0,0
8,CASH_OUT,22930.42,C3213679,436375.27,413444.85,M2622050,204160.4,743063.34,0,0
17,PAYMENT,86159.47,C6342061,1119899.3,1033739.83,M3908411,620662.53,1098127.1,0,0
25,PAYMENT,5553.53,C2469637,77552.15,71998.62,M4892675,975569.41,872124.04,0,0
36,TRANSFER,152248251.46,C6765495,166552698.09,14304446.63,C1636146,8028.48,152250348.74,1,0
42,DEBIT,2398.27,C4098373,35774.2,33375.93,M9597186,848024.81,622821.65,0,0
4,PAYMENT,3308.34,C7557072,37381.24,34072.9,M8835817,239467.08,480464.64,0,0
10,PAYMENT,1919.53,C1724372,23499.8,21580.27,M5532735,560570.61,379899.04,0,0
19,CASH_IN,33048.16,C5635879,584366.34,617414.5,M6272062,797101.82,86471.66,0,0
30,CASH_OUT,2159.03,C5344548,9934.77,7775.74,M3189670,675814.11,766205.08,0,0
13,CASH_IN,2300.01,C2749119,43514.33,45814.34,M1337002,50939.84,606649.42,0,0
47,CASH_IN,2264.0,C1383189,5767.14,8031.14,M3212789,365496.65,133245.9,0,0
26,PAYMENT,8203.93,C5447393,136814.71,128610.78,M3185600,131547.49,672472.01,0,0
28,PAYMENT,2916.73,C5402451,3559.23,642.5,M4131084,693543.77,468117.38,0,0
13,PAYMENT,41712.57,C1710013,236864.3,195151.73,M6552281,636324.06,845500.59,0,0
34,PAYMENT,1340.89,C9800890,6954.3,5613.41,M7810991,260300.46,929199.42,0,0
10,DEBIT,1708.21,C5197128,9537.82,7829.61,M3571866,271721.47,593763.29,0,0
33,PAYMENT,1863.94,C2986155,15001.1,13137.16,M7290595,294810.96,310112.57,0,0
34,PAYMENT,17824.49,C8779672,301280.22,283455.73,M9723595,462260.38,134963.05,0,0
37,CASH_OUT,3281.06,C9300760,48868.3,45587.24,M4259176,755173.24,416801.15,0,0
44,TRANSFER,121733533.93,C5199806,125653221.51,3919687.58,C7840272,7279.47,121742386.79,1,0
43,PAYMENT,10039.51,C6203911,130053.06,120013.55,M9767756,447584.59,212293.69,0,0
38,TRANSFER,756461.02,C2626184,756461.02,0.0,C6700623,9074.36,765067.53,1,0
6,CASH_OUT,13075.6,C7841248,87895.2,74819.6,M9286095,548715.69,406946.85,0,0
3,CASH_IN,6404.21,C8104928,98695.61,105099.82,M3856562,483512.29,451115.37,0,0
8,PAYMENT,7175.65,C9792001,107274.67,100099.02,M2245397,251021.59,592162.33,0,0
29,PAYMENT,2341.33,C2398810,2921.68,580.35,M7183140,119256.46,135755.6,0,0
24,CASH_OUT,412129.66,C5706775,1794285.7,1384777.91,C8809042,8560.59,420483.37,1,0
44,DEBIT,8266.11,C2287812,9755.17,1489.06,M7465122,499875.25,850620.48,0,0
27,PAYMENT,2030.96,C4943073,5880.65,3849.69,M3469943,226780.52,548954.8,0,0
23,PAYMENT,24351.42,C8186080,451635.33,427283.91,M3426556,152301.16,355905.24,0,0
43,PAYMENT,3385.14,C7786155,3745.25,360.11,M6892707,928013.39,973156.12,0,0
20,TRANSFER,6436951.76,C7568462,6436951.76,0.0,C2676460,8128.82,6443941.72,1,0
42,DEBIT,1233.69,C1656860,16328.19,15094.5,M4319237,609429.07,505788.85,0,0
28,DEBIT,1135.69,C2698793,7481.11,6345.42,M4944131,879559.61,984302.65,0,0
25,PAYMENT,2799.22,C1115386,35480.33,32681.11,M7383474,218033.04,40251.83,0,0
22,CASH_IN,1792.89,C8259250,21729.81,23522.7,M8690297,414839.46,79391.82,0,0
19,CASH_OUT,1812.94,C2080135,6354.85,4541.91,M8281020,909989.64,728431.86,0,0
32,PAYMENT,1055.51,C7241725,1740.36,684.85,M2181269,987913.57,443294.91,0,0
23,CASH_OUT,4035.77,C2221566,18158.42,14122.65,M7682986,635030.57,487523.76,0,0
43,TRANSFER,1935507.98,C3248163,1935507.98,0.0,C6614676,1108.33,1939184.04,1,0
28,DEBIT,13932.36,C8875175,64507.31,50574.95,M7181439,304730.42,81751.07,0,0
20,CASH_OUT,5259.96,C9640172,77247.04,71987.08,M7657949,294513.66,809538.17,0,0
15,PAYMENT,2052.92,C4013780,6078.45,4025.53,M9219458,126963.28,1099740.05,0,0
1,CASH_OUT,2410.36,C6039347,16740.39,14330.03,M1375651,891859.36,1001790.99,0,0
38,CASH_OUT,11896.46,C5426390,137827.96,125931.5,M4015824,414254.58,649235.92,0,0
28,PAYMENT,2586.78,C8586664,39816.74,37229.96,M3366648,578598.23,13679.18,0,0
25,DEBIT,2307.08,C5755644,39464.15,37157.07,M9721789,413469.38,847898.6,0,0
1,DEBIT,5876.76,C9855011,95485.99,89609.23,M9345180,346463.92,152640.73,0,0
14,CASH_OUT,2613.51,C3301511,18991.29,16377.78,M5800493,346101.79,134734.45,0,0
21,CASH_IN,1892.52,C4281779,31717.17,33609.69,M9453549,275915.89,378008.33,0,0
44,CASH_IN,3805.46,C9516226,53087.88,56893.34,M6120936,340776.81,270943.02,0,0
28,CASH_IN,5050.93,C7794233,80506.57,85557.5,M2096286,902850.23,366051.28,0,0
9,PAYMENT,2732.27,C8077679,11902.16,9169.89,M3448740,200880.83,873073.25,0,0
12,PAYMENT,1382.83,C5572615,7488.1,6105.27,M1882923,365730.75,995593.41,0,0
35,PAYMENT,9626.23,C6514081,19360.06,9733.83,M8588526,145302.21,667115.44,0,0
37,CASH_OUT,7084.16,C2406201,34782.16,27698.0,M3256185,82497.31,751954.39,0,0
46,PAYMENT,12156.49,C7678122,53377.38,41220.89,M3826526,250722.08,673098.45,0,0
33,DEBIT,5062.02,C7049726,46481.81,41419.79,M3977450,37971.88,753427.66,0,0
20,PAYMENT,13267.15,C2247281,39670.32,26403.17,M9071557,640324.64,471924.66,0,0
26,DEBIT,3870.24,C5212734,51984.81,48114.57,M3845265,731203.59,137141.19,0,0
42,PAYMENT,1480.39,C4519444,28432.11,26951.72,M1112734,61458.46,78161.09,0,0
2,CASH_IN,3675.89,C1049365,34158.96,37834.85,M8450805,915393.64,226739.27,0,0
40,CASH_IN,1347.44,C8766414,4623.84,5971.28,M2525060,21521.0,1052539.1,0,0
41,PAYMENT,9939.54,C3505955,91108.7,81169.16,M6180293,450191.04,1079353.95,0,0
36,PAYMENT,6708.05,C4838626,29026.1,22318.05,M5974720,906593.85,981206.92,0,0
47,CASH_IN,15194.93,C6217732,144956.27,160151.2,M9533903,795384.42,853957.61,0,0
20,PAYMENT,2764.03,C4324116,13268.84,10504.81,M1992798,423086.64,379761.97,0,0
7,PAYMENT,4129.17,C8046329,30147.9,26018.73,M7276492,508791.21,160046.23,0,0
1,PAYMENT,123163.62,C4942468,997330.11,874166.49,M3378780,95580.13,419648.63,0,0
13,CASH_OUT,473857.82,C5750143,1442611.81,971218.89,C5290749,4714.83,477796.93,1,0
10,PAYMENT,9596.1,C1764752,183285.16,173689.06,M6635912,482743.66,295810.7,0,0
46,PAYMENT,1983.09,C7152431,38154.1,36171.01,M3152053,291764.36,1074971.71,0,0
22,PAYMENT,1109.27,C7176884,14440.18,13330.91,M5702685,353120.91,669762.25,0,0
32,PAYMENT,2583.32,C4102599,22649.06,20065.74,M2445202,897385.24,995194.0,0,0
11,CASH_OUT,162575.61,C3757529,1841771.24,1679195.63,M3222794,696242.26,819685.04,0,0
19,PAYMENT,4496.34,C7703096,31563.5,27067.16,M6749559,77882.07,486573.65,0,0
27,CASH_IN,71420.02,C6493350,793412.63,864832.65,M6947710,621314.01,960158.94,0,0
17,PAYMENT,2034.88,C9670993,39761.54,37726.66,M9155307,455365.85,68752.9,0,0
16,PAYMENT,3557.91,C5634411,7833.98,4276.07,M6750316,572623.6,840042.83,0,0
12,PAYMENT,2282.79,C4690838,4117.1,1834.31,M3906954,892965.35,918233.42,0,0
19,DEBIT,9309.78,C3668985,36226.2,26916.42,M5343072,27127.19,1078468.7,0,0
14,PAYMENT,3832.85,C3331126,42452.25,38619.4,M9901186,980654.19,242214.95,0,0
3,TRANSFER,182190749.77,C7165143,201101814.64,18911064.87,C6336407,2377.8,182192107.59,1,0
44,CASH_IN,1171.3,C8323531,10226.17,11397.47,M4299965,284488.24,877714.37,0,0
14,PAYMENT,44798.99,C9446853,312264.74,267465.75,M7937335,677291.08,651674.72,0,0
32,TRANSFER,3904358.3,C3764385,3904358.3,0.0,C9740159,3844.83,3910594.07,1,0
39,CASH_IN,2143.47,C4397226,3915.5,6058.97,M1860171,648220.27,697360.47,0,0
26,PAYMENT,11917.24,C6795757,192987.29,181070.05,M9258360,765002.42,1028852.63,0,0
37,PAYMENT,8123.13,C8774013,91945.08,83821.95,M2367794,506232.11,614274.37,0,0
31,PAYMENT,3842.08,C8207104,40036.35,36194.27,M8648464,12147.49,359696.88,0,0
44,TRANSFER,4732376.41,C8483357,4732376.41,0.0,C9703382,2729.22,4738610.35,1,0
1,PAYMENT,5046.64,C7027968,74576.26,69529.62,M8101211,65479.16,1022596.52,0,0
33,PAYMENT,1316.57,C4242245,23511.29,22194.72,M8738152,436811.31,500395.6,0,0
15,CASH_IN,20867.67,C5514237,37493.82,58361.49,M2318393,66124.33,42267.53,0,0
25,PAYMENT,4973.47,C3646355,15285.0,10311.53,M1900893,306032.76,134245.72,0,0
24,TRANSFER,6635489.44,C8339404,6635489.44,0.0,C6696947,7856.96,6637815.29,1,0
34,PAYMENT,5616.27,C8683606,21554.5,15938.23,M6425639,514939.07,998135.38,0,0
5,CASH_OUT,10185.74,C5604624,19615.14,9429.4,M1155045,890802.16,14397.18,0,0
28,PAYMENT,3820.91,C4579779,72425.43,68604.52,M5060150,373162.1,1052804.84,0,0
19,TRANSFER,86384886.59,C4448323,87434502.7,1049616.11,C4284988,6837.37,86393685.42,1,0
6,PAYMENT,1124.11,C8129242,13902.79,12778.68,M9465864,68419.12,615814.46,0,0
6,PAYMENT,23875.77,C2284051,245775.28,221899.51,M1770218,719237.36,620944.63,0,0
6,PAYMENT,5700.61,C8993729,40587.11,34886.5,M8370472,896683.26,863876.66,0,0
41,CASH_IN,1716.67,C1652863,20942.83,22659.5,M6289372,762873.63,160821.09,0,0
47,CASH_OUT,1595.67,C8513351,2132.95,537.28,M3611844,9490.71,635946.16,0,0
18,CASH_IN,5691.72,C9739606,95729.95,101421.67,M2707489,537584.91,390103.29,0,0
24,TRANSFER,6897295.03,C5625771,6897295.03,0.0,C7317292,489.88,6898137.48,1,0
2,PAYMENT,1304.0,C7827164,25542.32,24238.32,M7410916,907163.31,1078435.96,0,0
33,TRANSFER,191651881.18,C5962572,219407088.8,27755207.62,C1593307,577.15,191659842.85,1,0
9,DEBIT,8897.86,C8073814,177593.08,168695.22,M6649273,468666.96,435720.26,0,0
18,PAYMENT,18585.04,C3521018,140683.43,122098.39,M8217753,603257.61,357138.19,0,0
22,CASH_IN,1437.74,C6935364,19599.39,21037.13,M3313599,428088.49,564035.02,0,0
22,CASH_OUT,2377.37,C3956394,8553.39,6176.02,M1473797,96246.46,446355.05,0,0
22,PAYMENT,3683.24,C2297019,29371.19,25687.95,M4033238,920345.54,781858.3,0,0
27,DEBIT,16326.11,C5633805,244219.79,227893.68,M2793555,870700.44,253086.25,0,0
23,CASH_OUT,1470.41,C6344040,28326.95,26856.54,M1655058,669356.31,425837.43,0,0
31,PAYMENT,2014.69,C7921516,36160.9,34146.21,M2579143,358075.65,151591.23,0,0
31,CASH_IN,20663.51,C7048469,183729.66,204393.17,M4289923,751108.99,371953.57,0,0
30,CASH_IN,4295.21,C8260113,36281.82,40577.03,M2587792,154224.18,74635.95,0,0
4,PAYMENT,13150.86,C2257594,173305.55,160154.69,M5868793,598949.63,203208.48,0,0
16,PAYMENT,5189.09,C4658821,16529.35,11340.26,M2683597,614103.17,775017.04,0,0
42,CASH_OUT,78073.85,C6295464,243037.47,169308.08,C7341008,8480.64,87389.62,1,0
47,PAYMENT,14184.45,C6382336,205977.82,191793.37,M7899715,24312.87,835153.02,0,0
24,PAYMENT,2280.73,C4571291,7139.28,4858.55,M8872607,153449.76,590089.6,0,0
27,CASH_IN,5244.16,C7883939,91928.12,97172.28,M3826698,814196.13,346159.7,0,0
18,CASH_IN,21716.94,C4918487,51077.49,72794.43,M3494769,415127.15,366578.66,0,0
10,PAYMENT,5554.16,C5883099,14239.38,8685.22,M2458972,961274.49,217103.58,0,0
31,PAYMENT,11727.46,C9554939,37561.72,25834.26,M9398647,83376.27,971491.11,0,0
39,DEBIT,75790.77,C7806919,704136.31,628345.54,M2553511,261283.27,485129.63,0,0
47,DEBIT,7177.8,C3909900,60865.94,53688.14,M5812434,365484.09,664526.2,0,0
3,TRANSFER,5789514.76,C9246550,5789514.76,0.0,C9842051,4945.38,5798931.44,1,0
27,PAYMENT,7529.47,C7605164,81436.74,73907.27,M3619545,58696.48,195400.87,0,0
2,CASH_OUT,24630.91,C9844906,479875.48,455244.57,M1737061,556451.44,47811.59,0,0
7,PAYMENT,1591.71,C5617391,24387.39,22795.68,M9126533,677905.68,830148.98,0,0
39,TRANSFER,1174698.2,C5202104,1174698.2,0.0,C8005041,4645.06,1176178.09,1,0
24,PAYMENT,12457.98,C9128001,32780.93,20322.95,M1032051,208481.71,782014.76,0,0
7,CASH_IN,2474.15,C5567391,28004.29,30478.44,M6682685,655283.41,236377.52,0,0
30,PAYMENT,1538.35,C4040252,19420.44,17882.09,M2506314,195337.54,568502.88,0,0
18,CASH_IN,9081.32,C2892374,73722.96,82804.28,M7792744,616126.92,505007.82,0,0
4,CASH_IN,4318.71,C7849020,49695.3,54014.01,M7516837,616629.67,511491.45,0,0
30,CASH_IN,2462.03,C5158409,13367.65,15829.68,M6570163,493968.78,329078.76,0,0
15,PAYMENT,6881.66,C7132246,107679.18,100797.52,M3838963,177082.3,1038005.6,0,0
5,PAYMENT,3707.4,C9271169,72906.61,69199.21,M9058579,214282.8,886716.79,0,0
12,PAYMENT,5358.92,C1599923,82917.07,77558.15,M8141867,443904.99,910171.36,0,0
7,PAYMENT,1834.96,C1285253,12428.26,10593.3,M4850371,802956.44,170185.16,0,0
11,PAYMENT,55539.2,C3494577,655774.0,600234.8,M5866030,613264.04,949913.98,0,0
13,DEBIT,1674.43,C9815233,13857.78,12183.35,M5025681,305117.06,716413.69,0,0
17,PAYMENT,4356.7,C9366671,84675.33,80318.63,M2959524,361357.19,1069876.87,0,0
44,PAYMENT,2867.53,C8021313,9613.82,6746.29,M8873055,496607.07,858674.17,0,0
19,PAYMENT,1353.29,C9469160,11641.58,10288.29,M5046621,94465.5,37255.81,0,0
9,PAYMENT,45390.21,C4554307,117018.45,71628.24,M6088428,503399.38,406245.49,0,0
7,DEBIT,2240.84,C4539166,4497.79,2256.95,M6670308,24910.19,1013900.61,0,0
41,PAYMENT,1712.06,C6851862,27792.13,26080.07,M1222846,569509.85,856757.4,0,0
45,PAYMENT,1427.78,C5521486,18469.2,17041.42,M5676119,212345.69,90381.43,0,0
19,PAYMENT,2055.28,C3918618,16443.12,14387.84,M8684290,114915.18,638859.03,0,0
12,CASH_OUT,388396.68,C2797243,1531914.91,1147720.98,C8641261,9144.33,390041.69,1,0
2,PAYMENT,17292.93,C8263673,218297.1,201004.17,M2984416,506927.18,638623.76,0,0
32,PAYMENT,6966.05,C5143303,128302.25,121336.2,M9092454,181996.76,666315.52,0,0
13,PAYMENT,34541.51,C4226396,400932.64,366391.13,M9688865,912007.4,106600.28,0,0
29,PAYMENT,2210.7,C8348374,5389.16,3178.46,M3687917,918252.26,302850.91,0,0
40,PAYMENT,5083.9,C2638063,74977.53,69893.63,M2383716,410164.41,954492.57,0,0
7,CASH_IN,1666.93,C5956698,26603.47,28270.4,M5320052,778904.26,842506.84,0,0
39,CASH_OUT,3247.63,C9502293,36013.43,32765.8,M4232786,188017.7,249587.97,0,0
3,PAYMENT,4641.35,C1839383,84505.58,79864.23,M5799285,600045.29,20334.84,0,0
11,CASH_IN,5549.64,C8926177,69323.48,74873.12,M7874157,100710.19,104681.93,0,0
29,PAYMENT,25486.05,C7422704,82338.46,56852.41,M8559525,663038.21,535771.33,0,0
26,CASH_IN,2407.97,C2577065,3462.75,5870.72,M3049498,981512.57,799088.1,0,0
34,PAYMENT,4228.85,C9922927,58360.36,54131.51,M6477837,810499.48,684690.21,0,0
43,PAYMENT,1397.29,C9005308,12738.58,11341.29,M2386273,454171.01,247675.56,0,0
22,PAYMENT,1385.14,C8113961,6352.65,4967.51,M1608876,912056.26,288400.98,0,0
2,CASH_OUT,7756.21,C8994063,61924.06,54167.85,M4596084,672692.48,401967.28,0,0
47,PAYMENT,5011.4,C9256925,20301.67,15290.27,M3337713,882705.65,63778.97,0,0
39,CASH_OUT,1752.77,C4709281,29295.78,27543.01,M1278360,907440.97,291864.44,0,0
11,CASH_IN,1919.21,C1533012,19120.77,21039.98,M6954574,990507.88,917408.73,0,0
43,PAYMENT,14308.47,C5395086,80995.41,66686.94,M6527952,750852.01,850960.86,0,0
10,TRANSFER,3231408.35,C1728571,3231408.35,0.0,C5190664,4636.9,3240356.59,1,0
27,PAYMENT,17958.65,C2548413,112068.85,94110.2,M1764975,594605.68,652944.74,0,0
47,CASH_IN,7135.13,C5660722,95553.94,102689.07,M1358370,847161.36,406144.45,0,0
25,DEBIT,1473.42,C6409659,13303.63,11830.21,M1746454,540981.79,48860.86,0,0
47,CASH_OUT,1552.14,C6763409,2163.5,611.36,M5778300,972054.58,872129.15,0,0
5,PAYMENT,1397.42,C8794033,7547.17,6149.75,M2693890,265928.83,1014566.85,0,0
1,PAYMENT,2165.61,C5674001,41734.74,39569.13,M7659134,24401.81,1070389.01,0,0
38,PAYMENT,2970.79,C9227558,29558.83,26588.04,M3310620,758493.23,930080.16,0,0
8,CASH_IN,2963.36,C4153736,20650.69,23614.05,M5412692,242924.46,541874.7,0,0
39,CASH_OUT,1899.04,C9919366,32318.09,30419.05,M5352537,514544.96,805786.87,0,0
31,PAYMENT,1058.01,C6973465,5010.47,3952.46,M9498042,952346.26,137353.25,0,0
36,PAYMENT,1827.65,C1543527,23035.89,21208.24,M6727665,83207.58,442744.13,0,0
45,CASH_OUT,4882.35,C2643324,37128.39,32246.04,M2663792,469262.93,357691.62,0,0
24,CASH_IN,3875.93,C2924018,17733.54,21609.47,M4090155,345112.53,181194.84,0,0
2,PAYMENT,2987.26,C3372447,15318.57,12331.31,M7294681,520506.19,1086979.52,0,0
31,PAYMENT,2068.26,C7422202,36434.35,34366.09,M7422094,734223.0,281841.16,0,0
22,DEBIT,1111.39,C6088863,11777.8,10666.41,M1678908,971612.99,769671.77,0,0
31,DEBIT,5429.49,C5652884,25264.59,19835.1,M3135155,649882.42,21862.81,0,0
34,CASH_OUT,3623.59,C4498385,61105.23,57481.64,M8978185,107397.03,1015258.14,0,0
7,CASH_IN,5193.64,C6570724,60457.66,65651.3,M8676292,226284.54,217124.92,0,0
39,CASH_OUT,279423.58,C9882897,856064.31,581479.96,C4597569,1955.97,286518.51,1,0
37,CASH_IN,1683.01,C5176324,33084.29,34767.3,M6339441,626086.49,465887.44,0,0
13,DEBIT,1833.03,C4278899,11202.32,9369.29,M3749124,363637.69,99671.81,0,0
45,CASH_IN,3602.84,C3310617,31324.94,34927.78,M6366493,309454.05,991944.2,0,0
41,CASH_OUT,6619.55,C8035903,95187.14,88567.59,M3081290,630481.9,1086213.31,0,0
18,PAYMENT,15483.62,C8393096,77407.84,61924.22,M9093147,494207.05,362408.49,0,0
41,PAYMENT,8055.39,C5425401,142876.57,134821.18,M9732778,317384.04,764152.84,0,0
4,CASH_IN,1435.82,C6393186,4949.01,6384.83,M5988341,57444.57,54519.91,0,0
35,CASH_OUT,66638.34,C9848692,175597.51,113676.08,C8866284,5208.94,73305.09,1,0
17,TRANSFER,147306970.78,C5434388,154552522.23,7245551.45,C1626196,3984.61,147312460.42,1,0
15,PAYMENT,1537.45,C3188723,16588.78,15051.33,M9178686,987239.96,1045497.81,0,0
30,CASH_IN,3734.08,C8480655,20766.38,24500.46,M7519206,27512.58,802697.96,0,0
31,PAYMENT,2336.43,C5145320,20084.02,17747.59,M3592208,284022.46,159088.74,0,0
39,PAYMENT,10327.89,C4183815,186427.63,176099.74,M2992573,436670.44,633063.09,0,0
4,PAYMENT,2805.49,C4713938,20169.0,17363.51,M7248905,718000.01,919516.7,0,0
27,CASH_IN,8012.51,C1591233,52711.17,60723.68,M2345865,580990.62,960493.41,0,0
29,PAYMENT,14800.47,C5389884,270657.67,255857.2,M8202465,838770.36,632246.7,0,0
27,PAYMENT,1476.14,C8792509,11982.99,10506.85,M1909708,219820.09,536143.38,0,0
2,DEBIT,1560.96,C8502560,17006.68,15445.72,M3768314,653382.58,1039942.52,0,0
34,PAYMENT,4372.57,C7818451,33904.83,29532.26,M5846947,482943.99,842792.84,0,0
46,DEBIT,10144.72,C8494925,165181.92,155037.2,M9054045,907552.34,255064.3,0,0
24,PAYMENT,29848.33,C9393143,442732.84,412884.51,M9354209,494349.69,260914.35,0,0
32,DEBIT,3514.71,C1116605,32237.91,28723.2,M9289297,356540.99,681450.54,0,0
8,DEBIT,1250.95,C6468892,5984.62,4733.67,M5257214,719240.24,433361.42,0,0
11,CASH_OUT,1680.24,C8050773,5543.62,3863.38,M7073951,193224.03,599135.33,0,0
20,DEBIT,1393.07,C8980522,12560.35,11167.28,M1441435,268887.38,1046190.07,0,0
22,PAYMENT,3606.89,C3334182,63633.54,60026.65,M5804026,748020.2,1020509.37,0,0
43,CASH_IN,1833.02,C9815659,28409.41,30242.43,M3856643,341126.4,609863.38,0,0
47,PAYMENT,25448.97,C1894015,431389.07,405940.1,M5140633,268245.53,479759.53,0,0
29,DEBIT,1224.94,C6569977,15725.52,14500.58,M5414458,418815.93,1030254.93,0,0
11,PAYMENT,4919.11,C5197285,92672.83,87753.72,M4811995,441300.78,194269.0,0,0
3,PAYMENT,9633.97,C2145830,175012.86,165378.89,M4538238,145100.22,630606.67,0,0
2,TRANSFER,9817461.09,C2184263,9817461.09,0.0,C3259638,1525.01,9819088.76,1,0
35,PAYMENT,2431.55,C6003283,4510.29,2078.74,M1538630,475539.19,420955.21,0,0
29,PAYMENT,1674.19,C5059698,10956.15,9281.96,M1837361,178002.17,958040.79,0,0
3,PAYMENT,3281.22,C1926423,42974.47,39693.25,M7843193,369450.19,51220.71,0,0
24,CASH_IN,1547.29,C9463333,9326.12,10873.41,M6020188,927088.99,311119.76,0,0
31,PAYMENT,6412.01,C4553631,26307.17,19895.16,M4016615,182413.28,891913.51,0,0
11,PAYMENT,1973.36,C7414081,34555.26,32581.9,M1721269,557100.35,259937.64,0,0
20,CASH_IN,3366.47,C4195083,62393.63,65760.1,M4784389,756407.85,73028.55,0,0
39,PAYMENT,1901.7,C7539143,31585.54,29683.84,M1002322,809178.39,220476.78,0,0
41,TRANSFER,7659408.79,C1713043,7659408.79,0.0,C9221427,8695.81,7669102.53,1,0
19,DEBIT,1171.22,C4658514,14255.14,13083.92,M4771974,445633.22,885275.09,0,0
44,PAYMENT,28206.56,C9875917,240494.93,212288.37,M9851666,755818.96,708850.45,0,0
33,PAYMENT,21175.38,C4442419,405678.04,384502.66,M2990456,301265.94,708750.52,0,0
25,PAYMENT,18014.29,C9869096,177637.32,159623.03,M5584534,172906.13,514271.12,0,0
23,CASH_IN,8789.52,C1695261,77766.25,86555.77,M3973899,952643.16,838218.03,0,0
32,PAYMENT,63557.03,C7220594,709534.7,645977.67,M8273691,122378.79,879668.97,0,0
5,CASH_OUT,8905.75,C3919418,164083.89,155178.14,M9205834,647528.78,389675.78,0,0
34,PAYMENT,3834.47,C1406415,37641.4,33806.93,M6166886,743714.32,931476.65,0,0
4,PAYMENT,1499.88,C9984395,19425.31,17925.43,M7885577,449816.47,1092941.06,0,0
15,CASH_OUT,1161.0,C4844717,7432.06,6271.06,M5147609,652291.97,922153.05,0,0
4,CASH_OUT,6380.54,C2988512,77718.19,71337.65,M5170064,348192.73,726715.16,0,0
44,DEBIT,1715.57,C7172809,23568.34,21852.77,M5171028,165374.96,724036.64,0,0
11,TRANSFER,5078201.65,C3034820,5078201.65,0.0,C1240570,2813.8,5088174.49,1,0
43,TRANSFER,9930587.27,C3911202,9930587.27,0.0,C2171095,1183.02,9930817.52,1,0
40,CASH_IN,1267.83,C7488655,24112.47,25380.3,M6128607,938184.97,49443.2,0,0
19,PAYMENT,3001.93,C6853828,19758.42,16756.49,M3718228,864000.5,751796.37,0,0
46,CASH_OUT,16147.81,C3109494,185231.78,169083.97,M9219180,127484.99,1055883.19,0,0
45,PAYMENT,6522.17,C6245097,63377.49,56855.32,M6624146,605974.22,906251.89,0,0
33,PAYMENT,1454.09,C4977801,24136.12,22682.03,M4985555,203167.66,702159.75,0,0
2,PAYMENT,1483.16,C2404504,26645.42,25162.26,M5892142,594484.82,790310.17,0,0
26,CASH_OUT,2883.6,C6486923,4854.59,1970.99,M6785417,109432.43,511959.01,0,0
32,CASH_OUT,337630.79,C2312783,1292904.15,959948.89,C6164896,3416.94,340098.78,1,0
28,PAYMENT,2827.78,C5885952,51096.09,48268.31,M6358543,759989.17,580881.57,0,0
43,CASH_OUT,374963.45,C2792965,933943.48,562270.03,C3726661,7930.46,384528.5,1,0
31,DEBIT,2448.93,C1325331,38238.47,35789.54,M3874043,869755.95,782706.61,0,0
6,PAYMENT,13897.83,C9554415,158925.94,145028.11,M3211858,812622.73,517064.26,0,0
23,PAYMENT,12382.65,C9655947,173389.75,161007.1,M1110529,898559.89,201222.61,0,0
16,CASH_IN,1876.43,C8004126,20309.67,22186.1,M7866446,553750.92,973992.46,0,0
15,PAYMENT,8199.72,C8236047,107689.84,99490.12,M2131742,373442.47,327800.39,0,0
26,CASH_IN,12262.07,C2547344,196555.12,208817.19,M7017011,724882.56,158693.3,0,0
40,PAYMENT,2996.52,C3147398,27745.52,24749.0,M5048808,646832.13,164765.41,0,0
41,PAYMENT,5412.75,C3005032,72352.82,66940.07,M3587810,194312.17,713021.89,0,0
35,CASH_OUT,2952.81,C1291486,43919.35,40966.54,M2141108,485685.52,645656.66,0,0
39,CASH_IN,1873.22,C4983946,25392.59,27265.81,M4198706,220956.21,983134.36,0,0
33,CASH_OUT,4001.56,C4802498,5331.18,1329.62,M4222117,314756.75,210660.26,0,0
40,PAYMENT,4608.19,C7106947,12377.2,7769.01,M1962974,958890.75,944503.5,0,0
32,CASH_OUT,9435.63,C7325364,182154.2,172718.57,M8996848,230896.24,1014260.26,0,0
19,PAYMENT,2495.59,C1212316,24575.17,22079.58,M4111383,130033.31,121051.13,0,0
20,PAYMENT,36956.49,C2416821,472651.34,435694.85,M9231515,833305.64,817113.1,0,0
27,DEBIT,1425.51,C8660155,26633.05,25207.54,M8404995,220448.35,109962.88,0,0
9,CASH_OUT,1977.23,C5417085,39089.14,37111.91,M2369862,59497.93,437753.61,0,0
30,TRANSFER,5884048.77,C5015242,5884048.77,0.0,C3628558,9580.5,5886547.2,1,0
44,PAYMENT,13361.62,C2580298,106691.58,93329.96,M3732680,11881.73,668213.82,0,0
40,DEBIT,13538.31,C5322961,142763.95,129225.64,M6984868,81239.99,378330.99,0,0
27,TRANSFER,4654807.98,C2265499,4654807.98,0.0,C7460257,2084.86,4655745.6,1,0
11,PAYMENT,1618.49,C7688720,29579.48,27960.99,M6442468,966482.2,704216.37,0,0
47,PAYMENT,15188.62,C3622766,91459.3,76270.68,M1244303,565015.21,651018.76,0,0
40,PAYMENT,1368.65,C5093859,11686.37,10317.72,M3746454,139252.94,568234.03,0,0
12,PAYMENT,1838.47,C3478073,36034.72,34196.25,M3080435,280375.22,691088.97,0,0
24,PAYMENT,4548.48,C5792390,62289.85,57741.37,M7317743,559282.05,21310.44,0,0
13,DEBIT,5970.16,C5880271,54700.99,48730.83,M6047286,647966.55,13660.41,0,0
28,PAYMENT,6043.93,C4896865,19383.95,13340.02,M8709128,633432.93,498700.49,0,0
13,PAYMENT,2449.23,C7750570,16959.87,14510.64,M3922323,296924.47,789308.28,0,0
43,PAYMENT,1498.45,C5342375,12226.46,10728.01,M8186749,31610.65,770659.87,0,0
12,CASH_IN,5337.93,C1836948,89221.45,94559.38,M3751321,337114.36,933797.78,0,0
7,CASH_OUT,7775.01,C6836600,53487.37,45712.36,M5089303,855683.5,211776.64,0,0
45,DEBIT,2969.47,C5242700,55104.35,52134.88,M1817893,238815.82,281588.17,0,0
15,CASH_IN,3942.54,C5104609,18587.87,22530.41,M6402609,273720.92,280449.79,0,0
43,PAYMENT,2220.68,C3600754,18686.25,16465.57,M5767378,129890.79,10695.37,0,0
44,CASH_OUT,128413.96,C3174430,468288.64,341949.3,C9906347,164.11,132813.19,1,0
27,CASH_IN,5696.52,C5735572,108642.32,114338.84,M3470240,326862.38,586988.09,0,0
16,PAYMENT,28472.92,C8649775,168100.5,139627.58,M8669053,737085.49,784990.3,0,0
35,PAYMENT,1509.31,C1921015,23405.37,21896.06,M7806374,640712.65,419255.76,0,0
32,PAYMENT,10366.98,C3533923,114848.33,104481.35,M3780704,77227.41,413540.99,0,0
21,PAYMENT,21330.98,C2578495,175547.86,154216.88,M6847863,78402.36,780349.41,0,0
9,PAYMENT,3036.41,C6948686,14512.08,11475.67,M9425199,119818.11,164132.97,0,0
27,DEBIT,11850.48,C3231291,100077.53,88227.05,M1548890,890022.23,882972.25,0,0
43,PAYMENT,1085.76,C3099260,17587.68,16501.92,M7275789,222629.15,749269.76,0,0
29,CASH_IN,37432.18,C8386464,57286.97,94719.15,M7228800,504695.43,126415.55,0,0
31,PAYMENT,1523.38,C3163666,17482.31,15958.93,M7046748,923709.0,233256.47,0,0
6,PAYMENT,1109.85,C4804989,8123.63,7013.78,M9992743,566377.8,1097305.62,0,0
32,PAYMENT,1156.66,C6127098,22750.14,21593.48,M6787910,40676.81,561978.08,0,0
36,PAYMENT,17265.97,C3085516,306963.48,289697.51,M9872390,600052.96,160328.43,0,0
6,CASH_IN,6689.58,C4887337,132747.39,139436.97,M7018089,680092.07,836097.48,0,0
1,CASH_IN,3740.56,C9085923,45413.86,49154.42,M9572716,14612.32,148729.11,0,0
44,PAYMENT,3155.26,C9632251,4727.24,1571.98,M3294083,129622.73,647828.98,0,0
32,TRANSFER,5929014.96,C2981101,5929014.96,0.0,C4155278,6700.48,5935342.34,1,0
21,CASH_OUT,3928.54,C7023895,76412.79,72484.25,M1405868,743878.38,178470.02,0,0
7,PAYMENT,11229.27,C4327326,103147.02,91917.75,M2284857,517346.22,1043487.5,0,0
7,CASH_OUT,3260.65,C2673168,56058.71,52798.06,M2116225,360343.83,195124.52,0,0
36,PAYMENT,15010.38,C6575835,38828.68,23818.3,M9510837,819911.35,242121.38,0,0
4,PAYMENT,13087.59,C7550818,56445.53,43357.94,M2287729,379471.67,463677.99,0,0
16,CASH_IN,1193.24,C7628616,21394.54,22587.78,M3924752,941186.44,503708.52,0,0
8,PAYMENT,14995.78,C2217333,291160.3,276164.52,M2371535,292319.96,403719.58,0,0
31,TRANSFER,196650743.26,C8952662,220283741.11,23632997.85,C7552776,6111.72,196656850.35,1,0
35,PAYMENT,1457.94,C7139409,2171.52,713.58,M9479434,978657.25,438246.09,0,0
31,CASH_OUT,7500.36,C8354742,145702.1,138201.74,M9995210,461.07,662805.04,0,0
29,DEBIT,1445.96,C2983708,26318.11,24872.15,M1367384,610679.32,758448.95,0,0
32,PAYMENT,8519.59,C9804814,44801.04,36281.45,M5812741,665999.34,27214.58,0,0
18,CASH_OUT,428622.41,C6340137,1025405.43,599232.62,C6860595,6213.61,433537.63,1,0
32,PAYMENT,2366.82,C6799144,6805.79,4438.97,M9197204,898983.44,57018.52,0,0
6,TRANSFER,3379688.34,C4769478,3379688.34,0.0,C2318711,9799.47,3380807.69,1,0
32,CASH_IN,5208.81,C7713769,10437.95,15646.76,M1299135,620377.57,889808.72,0,0
36,CASH_OUT,4709.22,C9974003,66682.24,61973.02,M2983974,739552.68,723006.5,0,0
25,PAYMENT,3161.35,C1491093,34978.98,31817.63,M8827326,882520.68,971441.39,0,0
18,PAYMENT,11155.25,C1602072,181374.52,170219.27,M5275702,860539.77,355713.86,0,0
34,PAYMENT,43025.79,C2980415,679431.19,636405.4,M5961324,463436.98,632888.17,0,0
33,PAYMENT,109535.57,C5342334,1897159.28,1787623.71,M7296810,504142.72,680878.09,0,0
35,CASH_OUT,41083.97,C2537607,402289.43,361205.46,M5795271,362099.86,688341.83,0,0
41,PAYMENT,2926.2,C6310179,38513.56,35587.36,M2346734,110833.15,433270.04,0,0
34,PAYMENT,1752.13,C4575879,19605.0,17852.87,M8429781,51426.56,40250.54,0,0
17,TRANSFER,8564148.18,C2462780,8564148.18,0.0,C5631915,2134.82,8572320.38,1,0
16,PAYMENT,3238.59,C6555017,35509.47,32270.88,M8775642,620821.4,176038.02,0,0
9,CASH_OUT,13013.26,C1967328,85379.42,72366.16,M6153992,202276.01,374253.49,0,0
16,TRANSFER,81017024.26,C9166720,92197645.63,11180621.37,C7601452,7746.97,81020543.77,1,0
34,CASH_OUT,9488.01,C6750089,91122.22,81634.21,M9263517,501910.99,577815.67,0,0
9,PAYMENT,8460.97,C3620092,24807.16,16346.19,M3092030,467342.66,703878.52,0,0
33,PAYMENT,2692.35,C8874970,48052.91,45360.56,M9738257,970718.12,594480.8,0,0
37,DEBIT,2532.82,C4550109,39571.76,37038.94,M8921885,26362.1,251718.05,0,0
10,DEBIT,2940.83,C8767951,11445.26,8504.43,M2255434,349224.88,1077523.55,0,0
9,CASH_OUT,3447.79,C1181492,35095.74,31647.95,M5583181,261398.3,740627.95,0,0
3,PAYMENT,2698.44,C9050887,15934.58,13236.14,M8375433,996590.22,159907.2,0,0
26,PAYMENT,6707.43,C2458264,60263.85,53556.42,M4731868,614036.59,113484.43,0,0
31,DEBIT,4291.48,C4160993,67088.12,62796.64,M2422432,337388.2,1042300.45,0,0
21,PAYMENT,1457.88,C6741898,23068.41,21610.53,M5530756,574540.19,501759.15,0,0
14,PAYMENT,1075.81,C1667693,19378.55,18302.74,M3532853,930342.65,169739.65,0,0
34,PAYMENT,1503.73,C7451717,5502.34,3998.61,M1347891,620623.64,797887.64,0,0
26,PAYMENT,6639.65,C5448603,122761.07,116121.42,M5510874,995300.3,747906.72,0,0
33,PAYMENT,6075.15,C7033248,84180.0,78104.85,M6592290,894959.71,721.6,0,0
35,PAYMENT,7439.93,C3146284,74828.31,67388.38,M3450400,178875.85,28466.25,0,0
42,PAYMENT,1807.46,C5137390,27139.43,25331.97,M7799534,840177.87,459129.18,0,0
22,PAYMENT,2746.59,C3009830,24483.96,21737.37,M4843908,123270.9,1045697.13,0,0
5,DEBIT,8858.5,C6819949,99826.51,90968.01,M6835809,244421.63,140165.81,0,0
32,PAYMENT,2104.15,C6778991,33286.04,31181.89,M7650063,598251.24,1060142.5,0,0
3,CASH_IN,1609.47,C4708608,3855.66,5465.13,M5240367,119254.87,1011938.03,0,0
8,PAYMENT,1721.21,C1832965,27420.59,25699.38,M6959401,966297.05,633314.52,0,0
13,PAYMENT,4036.22,C8332123,17461.96,13425.74,M6910500,612603.29,9799.58,0,0
37,CASH_OUT,46257.33,C2520768,133270.06,91439.92,C7617649,7356.68,51334.42,1,0
16,PAYMENT,2486.26,C7866843,10930.14,8443.88,M7554266,492328.04,945799.75,0,0
44,PAYMENT,2662.14,C9035177,30513.19,27851.05,M6834710,771587.74,427438.46,0,0
6,PAYMENT,3547.05,C4355873,60638.21,57091.16,M6972003,390585.69,284780.54,0,0
32,DEBIT,4546.49,C5032463,45531.07,40984.58,M7971910,795911.33,774204.9,0,0
38,PAYMENT,4136.89,C7619336,78241.0,74104.11,M1029440,766994.94,884038.59,0,0
8,CASH_IN,5049.7,C6161641,77666.03,82715.73,M1509115,297396.7,245799.08,0,0
26,PAYMENT,3066.23,C6854556,39530.6,36464.37,M9324526,60350.06,215016.64,0,0
37,DEBIT,2942.74,C2082672,19557.35,16614.61,M1842379,19678.47,1060242.91,0,0
14,TRANSFER,101835241.59,C4955595,105611638.81,3776397.22,C6359864,4742.52,101837530.06,1,0
28,PAYMENT,2508.88,C4565681,4927.95,2419.07,M6552960,733109.84,360668.31,0,0
11,PAYMENT,13753.4,C7727928,226961.1,213207.7,M8111727,945747.98,1001250.56,0,0
34,CASH_IN,9556.28,C5276775,119434.91,128991.19,M6820855,561073.13,960206.32,0,0
16,DEBIT,1513.85,C8077753,3828.86,2315.01,M7936767,942648.12,828492.8,0,0
46,CASH_IN,13206.89,C2926159,36772.48,49979.37,M1431040,827030.94,218340.84,0,0
3,PAYMENT,2127.27,C6377667,32237.92,30110.65,M1613740,59716.67,1066819.4,0,0
44,PAYMENT,2635.55,C2695388,46637.13,44001.58,M7196015,759223.58,533962.78,0,0
35,PAYMENT,2861.83,C5426132,51598.2,48736.37,M4287960,944163.79,110592.28,0,0
19,PAYMENT,3682.27,C1839601,51385.76,47703.49,M9252762,609218.73,409313.54,0,0
11,PAYMENT,2190.94,C9676075,2943.84,752.9,M2867333,778292.74,565079.66,0,0
21,PAYMENT,1662.24,C4461501,2388.98,726.74,M6573840,631968.27,294356.52,0,0
12,CASH_IN,1375.93,C2216117,14555.28,15931.21,M8186280,195015.18,476511.45,0,0
13,CASH_OUT,141029.95,C4172540,704416.62,566374.14,C5879039,8832.73,143009.45,1,0
43,CASH_OUT,35332.52,C1913722,702952.61,667620.09,M3172063,131807.78,865396.41,0,0
29,CASH_OUT,1737.25,C2105952,30955.81,29218.56,M6657899,337801.71,817437.52,0,0
14,PAYMENT,7011.32,C6668499,98955.38,91944.06,M9414232,526320.43,653802.09,0,0
38,TRANSFER,3334534.11,C7596181,3334534.11,0.0,C5945597,7353.95,3336252.33,1,0
34,CASH_OUT,6766.05,C7229177,94652.77,87886.72,M9588951,716085.03,474444.31,0,0
33,PAYMENT,1791.82,C3130454,32685.94,30894.12,M2045183,967581.21,783673.27,0,0
22,CASH_OUT,8673.42,C4685874,101090.74,92417.32,M7984485,723165.1,329560.48,0,0
34,PAYMENT,6067.98,C4041725,49859.97,43791.99,M2265091,394974.03,919166.9,0,0
36,PAYMENT,1993.69,C4386950,37242.68,35248.99,M7198863,28656.5,802641.34,0,0
4,PAYMENT,1163.52,C7034186,9467.58,8304.06,M3618089,809718.47,972380.08,0,0
34,TRANSFER,5704872.29,C1887512,5704872.29,0.0,C7847003,4230.07,5711655.02,1,0
44,PAYMENT,2906.08,C8170851,26561.25,23655.17,M1492680,743923.39,970787.38,0,0
33,PAYMENT,2345.01,C7691056,29247.75,26902.74,M6586953,272792.81,205084.54,0,0
37,PAYMENT,4463.41,C6199418,46979.92,42516.51,M3906541,572418.6,439679.09,0,0
16,PAYMENT,4352.17,C5619837,80022.76,75670.59,M6822851,484175.03,447724.77,0,0
10,PAYMENT,3812.89,C2857055,41602.17,37789.28,M3689904,362566.26,335930.51,0,0
34,PAYMENT,32403.59,C3930128,58868.55,26464.96,M7501329,824276.5,621143.82,0,0
37,PAYMENT,29903.92,C5913737,341035.65,311131.73,M1014769,245482.8,1059115.89,0,0
16,PAYMENT,17112.6,C7287034,245257.09,228144.49,M9586945,411504.23,263620.93,0,0
7,PAYMENT,4122.23,C5531150,18959.82,14837.59,M8164837,308245.53,330101.23,0,0
16,PAYMENT,1017.67,C5557370,13022.53,12004.86,M8358926,938736.46,12844.74,0,0
1,CASH_OUT,31579.61,C3576320,100536.94,68957.33,M3356609,339207.2,431550.16,0,0
12,PAYMENT,5296.78,C5048214,52599.35,47302.57,M4866161,481308.12,1079204.89,0,0
4,PAYMENT,3457.18,C2300360,41870.2,38413.02,M3130700,384715.19,724193.33,0,0
17,CASH_OUT,1619.36,C1683544,5500.75,3881.39,M8824561,357719.78,224488.7,0,0
40,PAYMENT,6885.34,C6175265,75574.31,68688.97,M1734360,172198.32,552283.97,0,0
26,PAYMENT,4240.06,C7498571,45011.36,40771.3,M5966878,821717.07,1064312.31,0,0
27,PAYMENT,6734.88,C8247495,81660.66,74925.78,M8248113,250889.21,198276.11,0,0
14,CASH_IN,1383.29,C9422700,17472.79,18856.08,M8136279,640017.86,169321.29,0,0
21,CASH_OUT,6528.77,C7653716,40188.04,33659.27,M5960926,772982.12,564525.73,0,0
4,PAYMENT,1977.08,C4330132,29091.09,27114.01,M9991760,216567.74,762761.53,0,0
3,PAYMENT,3226.86,C8185845,16270.52,13043.66,M6399420,3690.44,247854.7,0,0
47,PAYMENT,84643.74,C2370236,655053.89,570410.15,M4948344,34861.11,869396.4,0,0
4,PAYMENT,2039.71,C4655033,28690.81,26651.1,M4423393,549704.88,719589.64,0,0
28,CASH_IN,10411.87,C1934836,42022.99,52434.86,M8648761,189418.97,131168.2,0,0
12,PAYMENT,7394.08,C3126486,82673.03,75278.95,M4081583,84745.92,55008.75,0,0
12,PAYMENT,3023.61,C1027609,39007.78,35984.17,M7427867,461950.15,667329.1,0,0
8,CASH_IN,3259.86,C6965445,7189.55,10449.41,M7199019,347637.86,683743.82,0,0
23,CASH_OUT,8381.45,C6349857,100383.08,92001.63,M8927625,451792.74,577455.77,0,0
19,CASH_IN,6173.56,C2566605,113466.08,119639.64,M5879555,188330.35,155565.63,0,0
3,PAYMENT,3463.2,C9312461,6929.76,3466.56,M9834982,169601.25,104721.89,0,0
6,CASH_OUT,2163.63,C9612432,8129.98,5966.35,M1541621,177752.78,707132.41,0,0
41,CASH_OUT,447537.95,C8467155,1587966.26,1144818.6,C4836910,9483.47,454719.47,1,0
35,CASH_OUT,242085.34,C3372076,619819.6,379670.56,C5139951,3117.2,243904.98,1,0
22,PAYMENT,2643.2,C8035835,24607.13,21963.93,M4124086,504329.42,358411.1,0,0
12,PAYMENT,1265.01,C1015449,24858.38,23593.37,M1342708,91394.99,275502.73,0,0
19,CASH_OUT,12776.68,C4147102,171584.32,158807.64,M1004597,300324.78,337021.52,0,0
17,PAYMENT,21179.4,C5111441,213888.04,192708.64,M4347487,444549.19,362351.48,0,0
33,PAYMENT,2072.65,C2146013,23096.29,21023.64,M3279325,708141.51,625023.93,0,0
38,PAYMENT,393110.35,C1233811,4233808.56,3840698.21,M8597693,672503.66,486487.93,0,0
44,PAYMENT,9802.34,C4468134,165774.53,155972.19,M1779043,532880.11,164856.57,0,0
25,CASH_OUT,6000.6,C1841113,13698.34,7697.74,M2779651,323417.36,740328.67,0,0
41,PAYMENT,19640.42,C9976119,85549.4,65908.98,M4864156,697283.48,639101.59,0,0
31,CASH_IN,3048.68,C2528584,25966.34,29015.02,M6086757,348803.48,981790.31,0,0
4,CASH_IN,19770.19,C9452306,89071.79,108841.98,M6379612,234598.86,908530.95,0,0
4,TRANSFER,116171720.42,C2153121,131140854.41,14969133.99,C9700449,1813.2,116176262.13,1,0
29,PAYMENT,6417.86,C7310231,48926.08,42508.22,M5696921,619635.56,248858.57,0,0
13,DEBIT,2217.28,C9147039,44279.86,42062.58,M7464199,333528.52,742474.81,0,0
12,DEBIT,1478.14,C9095910,5785.34,4307.2,M9653016,277542.67,92772.56,0,0
39,CASH_IN,6347.07,C4554897,95860.79,102207.86,M4352029,592652.72,746730.44,0,0
34,PAYMENT,2843.67,C5635375,24389.42,21545.75,M6516880,885053.49,140673.59,0,0
3,PAYMENT,1834.66,C1645491,31630.44,29795.78,M2042396,494866.11,1069032.45,0,0
27,PAYMENT,20976.78,C3234712,75313.31,54336.53,M3893329,608901.1,178038.38,0,0
22,CASH_IN,1533.48,C7119659,25089.84,26623.32,M6633648,363078.67,774133.06,0,0
36,PAYMENT,1066.16,C8462630,14266.98,13200.82,M2261918,927669.59,910055.57,0,0
11,PAYMENT,52759.06,C4344945,67969.14,15210.08,M4492729,560340.25,987569.95,0,0
7,DEBIT,1636.31,C1196314,11872.95,10236.64,M6156031,143363.47,153590.94,0,0
27,PAYMENT,2225.51,C5368330,13473.47,11247.96,M2766740,377241.22,863964.42,0,0
26,CASH_IN,1971.93,C4250477,35624.25,37596.18,M5827066,972273.67,984730.08,0,0
24,CASH_IN,6465.55,C9291455,37877.85,44343.4,M8224889,658553.66,272481.75,0,0
35,CASH_IN,5810.07,C8107479,84734.33,90544.4,M3932661,726338.59,654540.49,0,0
35,PAYMENT,9612.85,C2157254,113743.92,104131.07,M3027638,135068.82,809509.74,0,0
21,PAYMENT,2749.39,C6410240,8501.84,5752.45,M4762585,843949.56,305732.58,0,0
3,PAYMENT,4304.72,C3818310,21794.8,17490.08,M8637263,347268.36,956905.63,0,0
42,PAYMENT,1166.39,C6353545,5744.02,4577.63,M1219504,822243.64,445941.2,0,0
11,CASH_OUT,106937.24,C4460303,383062.71,277216.02,C8843398,362.78,116115.51,1,0
21,DEBIT,2158.26,C5532229,9482.8,7324.54,M7013536,866652.86,1010737.14,0,0
4,CASH_OUT,6022.91,C7488116,62532.45,56509.54,M6221679,149012.02,1097289.5,0,0
14,CASH_OUT,2098.14,C3654082,28004.86,25906.72,M5596762,484938.38,420756.78,0,0
18,PAYMENT,16026.02,C9911466,35682.78,19656.76,M3434016,919399.43,651263.43,0,0
14,DEBIT,6273.81,C3516152,57270.37,50996.56,M5668109,989981.48,300634.07,0,0
36,PAYMENT,9064.1,C4179491,87817.11,78753.01,M5854269,823090.0,998860.78,0,0
2,CASH_OUT,2493.94,C3114649,20026.98,17533.04,M9296075,532897.57,50312.55,0,0
26,CASH_OUT,4212.16,C7563814,40394.87,36182.71,M9487629,706801.17,119564.52,0,0
21,TRANSFER,9852705.25,C5004629,9852705.25,0.0,C1981152,8322.1,9853416.48,1,0
9,DEBIT,1651.11,C1925115,7651.99,6000.88,M8355461,133869.38,386646.53,0,0
31,PAYMENT,24272.97,C8744800,82839.45,58566.48,M3727760,756592.64,864234.85,0,0
20,CASH_OUT,213634.91,C9293717,1527490.64,1313855.73,M6279775,554495.52,62056.08,0,0
23,PAYMENT,3562.93,C2016485,38896.28,35333.35,M2594558,277266.78,546602.88,0,0
1,PAYMENT,3408.35,C2689089,24527.92,21119.57,M1427748,299070.15,306422.0,0,0
41,CASH_OUT,472853.59,C2812578,2198129.15,1728282.17,C7155107,9489.05,475449.97,1,0
1,DEBIT,1313.82,C5384328,5550.91,4237.09,M2893395,107275.15,206535.57,0,0
20,TRANSFER,3039189.78,C3556889,3039189.78,0.0,C1480902,5259.85,3043542.68,1,0
45,CASH_OUT,8155.47,C6343888,116931.27,108775.8,M5544984,570884.45,389892.59,0,0
24,DEBIT,1662.89,C7614700,22169.55,20506.66,M5680268,858507.14,998700.14,0,0
20,PAYMENT,8126.99,C7763833,60376.8,52249.81,M7125633,226024.72,1012680.88,0,0
2,PAYMENT,1380.01,C9316095,20327.7,18947.69,M3413020,604141.31,49784.74,0,0
24,PAYMENT,51953.95,C6321074,772824.09,720870.14,M9026104,444378.22,1094608.84,0,0
39,CASH_OUT,3874.69,C1766986,23262.34,19387.65,M6558114,875243.36,1090588.28,0,0
41,PAYMENT,14224.08,C5603965,113935.18,99711.1,M8904296,161716.8,598177.47,0,0
22,PAYMENT,12184.56,C4467146,146280.14,134095.58,M9185430,48982.42,230478.49,0,0
7,PAYMENT,9274.16,C4293095,101566.71,92292.55,M1203071,750756.48,1094903.47,0,0
7,CASH_IN,63629.48,C2575368,699916.37,763545.85,M6183236,839575.86,493699.29,0,0
7,PAYMENT,4095.81,C8500940,54130.17,50034.36,M2165675,848143.07,321192.45,0,0
46,PAYMENT,1101.81,C9093978,17130.87,16029.06,M6407512,188461.27,6735.42,0,0
2,CASH_OUT,317167.31,C1252113,743065.58,429885.21,C3843882,6333.63,325305.28,1,0
47,PAYMENT,5371.4,C8113544,75232.61,69861.21,M3972725,584343.25,441663.12,0,0
42,PAYMENT,1788.83,C3058774,33310.15,31521.32,M5144404,882559.06,141179.71,0,0
15,PAYMENT,6634.35,C1051524,8960.01,2325.66,M4907460,685372.76,719602.27,0,0
24,PAYMENT,2214.18,C4394790,22459.86,20245.68,M5805713,228708.4,116730.44,0,0
25,PAYMENT,1300.06,C8121770,4197.56,2897.5,M6078313,507992.72,86422.4,0,0
12,TRANSFER,644056.01,C7577539,644056.01,0.0,C8421420,9589.36,652411.66,1,0
10,PAYMENT,4997.28,C3829150,47381.53,42384.25,M7842540,526029.28,731659.74,0,0
43,TRANSFER,3588799.06,C5523402,3588799.06,0.0,C6361893,3787.26,3595847.59,1,0
18,CASH_OUT,2726.22,C5695701,18958.69,16232.47,M1623650,868763.69,36479.98,0,0
6,CASH_IN,92166.08,C3782405,1362500.8,1454666.88,M7719321,320713.67,822148.98,0,0
43,PAYMENT,4750.97,C4068068,6129.0,1378.03,M9023098,934372.26,220816.17,0,0
39,PAYMENT,1442.86,C2492948,14427.25,12984.39,M7858112,593619.0,253108.7,0,0
35,TRANSFER,3705750.46,C2086145,3705750.46,0.0,C1387542,2937.41,3715157.75,1,0
36,PAYMENT,3812.93,C2391815,69548.21,65735.28,M3887687,208991.58,521245.86,0,0
15,CASH_IN,1217.84,C7619673,3274.85,4492.69,M4875177,994215.93,121594.35,0,0
18,CASH_OUT,157183.72,C6021935,776737.67,623445.01,C9636760,1554.69,167004.26,1,0
44,CASH_IN,4305.69,C3916299,50557.93,54863.62,M7495391,528360.74,1047544.1,0,0
3,PAYMENT,7241.46,C1824899,48069.94,40828.48,M9295212,837429.1,617506.12,0,0
45,TRANSFER,6413722.46,C3505465,6413722.46,0.0,C1259794,5796.27,6418404.61,1,0
47,CASH_OUT,180520.4,C5470855,765320.24,588642.41,C1661608,5126.75,187560.04,1,0
17,CASH_OUT,2536.28,C7520694,50612.97,48076.69,M3817986,299405.67,1080937.98,0,0
36,CASH_IN,3891.41,C1893615,53066.42,56957.83,M3616243,719892.12,426701.57,0,0
11,CASH_OUT,5365.21,C5414533,13763.97,8398.76,M6745372,197230.95,277978.88,0,0
32,CASH_OUT,1324.28,C5071968,20421.9,19097.62,M3732205,173470.74,248313.3,0,0
11,PAYMENT,5714.04,C7400621,27834.24,22120.2,M8271687,155991.92,1097715.12,0,0
42,PAYMENT,11600.81,C3781103,151128.83,139528.02,M1195993,535437.29,861184.54,0,0
2,PAYMENT,1164.91,C2478189,15604.8,14439.89,M9295092,173051.0,756985.06,0,0
27,DEBIT,5085.2,C2265425,51225.26,46140.06,M2654622,668751.65,841344.49,0,0
14,PAYMENT,83961.71,C3956954,1178786.61,1094824.9,M5340310,847064.44,949694.49,0,0
20,PAYMENT,3150.92,C5620950,31437.93,28287.01,M1203680,789843.93,118814.53,0,0
35,PAYMENT,5668.29,C9861287,29965.94,24297.65,M2735560,552787.3,994349.78,0,0
20,CASH_OUT,2628.34,C6406735,37337.01,34708.67,M7415379,132341.29,766794.9,0,0
20,PAYMENT,2866.62,C6320771,55609.29,52742.67,M8560303,105872.72,901933.83,0,0
35,PAYMENT,23532.61,C6296751,393016.35,369483.74,M1685157,707569.79,747961.17,0,0
17,PAYMENT,2603.42,C7894405,25377.8,22774.38,M7220297,451723.66,589874.85,0,0
9,DEBIT,2262.12,C1036683,25746.08,23483.96,M9095260,506493.28,171674.05,0,0
33,PAYMENT,1745.2,C5737729,5172.31,3427.11,M3451318,128912.71,1084680.08,0,0
45,CASH_OUT,12370.44,C6223116,230751.39,218380.95,M5649692,696756.28,594227.06,0,0
31,DEBIT,25059.95,C8011412,226756.45,201696.5,M5797685,273644.59,967820.6,0,0
29,PAYMENT,13527.12,C2845339,27248.92,13721.8,M7741779,177481.48,745255.47,0,0
23,PAYMENT,2109.78,C6363191,13973.83,11864.05,M6581521,73159.39,462081.78,0,0
37,CASH_OUT,10175.19,C9059295,197687.1,187511.91,M4018155,909900.8,526460.87,0,0
4,CASH_IN,21361.72,C4798378,334112.22,355473.94,M5605645,509826.65,697482.06,0,0
24,CASH_OUT,3672.71,C4814065,23464.36,19791.65,M8662779,270447.44,120964.63,0,0
29,PAYMENT,4038.89,C4208259,71939.74,67900.85,M6520955,896455.46,115300.08,0,0
37,PAYMENT,1450.67,C7548129,27067.92,25617.25,M7535759,690776.94,824569.78,0,0
25,PAYMENT,5153.27,C2395808,91154.28,86001.01,M8582268,683866.77,288721.95,0,0
21,PAYMENT,6986.26,C1778133,42522.24,35535.98,M3239727,864779.31,1098960.03,0,0
24,PAYMENT,1822.04,C4749218,34971.89,33149.85,M8991913,322064.78,328803.79,0,0
8,CASH_OUT,2056.12,C8710546,5153.15,3097.03,M8433360,422230.4,1046905.45,0,0
3,DEBIT,2728.51,C5471588,25894.0,23165.49,M1852147,738872.91,982478.03,0,0
18,PAYMENT,12552.62,C4680193,28069.48,15516.86,M8365688,657987.25,181029.24,0,0
4,PAYMENT,1550.78,C8123902,2791.17,1240.39,M4635241,512226.25,951896.29,0,0
17,CASH_OUT,20809.93,C5159983,59945.09,39135.16,M3203673,614484.54,33532.33,0,0
43,DEBIT,8187.69,C3575342,78270.5,70082.81,M3803981,791042.02,642120.2,0,0
39,PAYMENT,5581.28,C8560338,102086.84,96505.56,M9036918,220911.9,442060.17,0,0
12,PAYMENT,1889.1,C6777373,13296.64,11407.54,M8660762,143984.87,660565.2,0,0
17,PAYMENT,3547.49,C5724144,16157.66,12610.17,M9173387,631613.93,310189.49,0,0
2,PAYMENT,1484.59,C1552077,25954.5,24469.91,M5621577,843298.58,4018.94,0,0
36,PAYMENT,2265.59,C5475176,17272.14,15006.55,M1684384,344910.73,596166.08,0,0
16,CASH_OUT,16338.02,C9015178,189293.66,172955.64,M5553497,213461.51,76957.14,0,0
34,TRANSFER,64479948.58,C3238697,73051568.55,8571619.97,C8603742,8881.92,64487948.25,1,0
34,CASH_IN,3717.94,C6060706,17344.77,21062.71,M6828822,85590.62,1024907.85,0,0
31,CASH_OUT,99738.59,C2503635,251637.36,155035.33,C3321387,8512.59,106103.7,1,0
16,PAYMENT,7085.35,C4428916,42317.59,35232.24,M6711056,825255.36,1039725.12,0,0
40,DEBIT,7085.09,C9504150,118681.15,111596.06,M7311344,623258.76,458461.42,0,0
35,CASH_OUT,1224.76,C2225140,14616.64,13391.88,M5878032,853718.98,76130.19,0,0
3,TRANSFER,171605799.53,C2736104,194117439.11,22511639.58,C4529642,3244.44,171609648.81,1,0
47,PAYMENT,1085.7,C5305115,16933.57,15847.87,M4154356,504836.74,22373.55,0,0
36,CASH_OUT,3721.57,C4967101,57133.93,53412.36,M7527447,296123.35,736366.28,0,0
19,CASH_IN,1736.4,C7302036,27156.9,28893.3,M2024479,993864.43,673479.99,0,0
20,CASH_OUT,1463.12,C7442020,18605.77,17142.65,M7819683,225737.43,985748.62,0,0
20,PAYMENT,1365.95,C9246716,13691.88,12325.93,M2707704,67437.61,568415.2,0,0
20,CASH_IN,3025.08,C1817067,7911.11,10936.19,M4003124,893334.17,619047.76,0,0
4,CASH_IN,10220.18,C9813478,143536.52,153756.7,M6682909,283345.84,570521.51,0,0
47,CASH_IN,4142.51,C6819821,35726.91,39869.42,M3069878,13602.74,248528.44,0,0
43,CASH_IN,1149.4,C4762818,2874.19,4023.59,M4093590,620673.67,725716.27,0,0
41,DEBIT,1638.53,C7859063,15965.6,14327.07,M2879171,700297.36,428472.11,0,0
46,PAYMENT,6778.87,C2620899,125780.26,119001.39,M3013612,563401.91,112840.0,0,0
1,PAYMENT,4133.0,C2504807,52783.11,48650.11,M5800901,335695.99,572673.38,0,0
5,PAYMENT,7084.0,C3869744,53446.06,46362.06,M1706440,887421.95,1036654.41,0,0
1,PAYMENT,9800.85,C7719610,148186.59,138385.74,M9583463,943894.02,687966.67,0,0
10,CASH_OUT,6019.49,C7367795,81425.2,75405.71,M5672926,309275.51,1018594.46,0,0
40,CASH_OUT,5294.65,C5981015,79893.23,74598.58,M1024635,450913.75,85988.5,0,0
17,PAYMENT,1444.08,C4853637,11807.04,10362.96,M6386227,624666.94,517036.31,0,0
11,DEBIT,3461.38,C3304166,56089.59,52628.21,M5236794,536773.59,429333.36,0,0
14,DEBIT,5315.11,C1383152,54373.62,49058.51,M8054893,691415.78,757783.23,0,0
2,PAYMENT,4476.84,C8996746,77174.35,72697.51,M3221152,374915.58,38469.73,0,0
33,CASH_OUT,4012.21,C7219200,42384.78,38372.57,M3607664,234824.96,120859.76,0,0
20,CASH_OUT,4243.56,C9762224,35002.75,30759.19,M9041348,413546.6,130980.1,0,0
22,CASH_IN,1688.96,C9795342,17137.2,18826.16,M6408940,885638.19,792891.01,0,0
37,PAYMENT,2279.57,C2855861,39590.55,37310.98,M7510744,526839.48,538881.74,0,0
31,TRANSFER,6828305.13,C2833744,6828305.13,0.0,C4512658,1592.74,6831579.47,1,0
30,CASH_OUT,445997.65,C4343784,1918038.87,1475068.16,C4960381,4643.54,448687.18,1,0
7,CASH_IN,6042.48,C5830087,8275.22,14317.7,M3414148,284236.89,483420.88,0,0
35,PAYMENT,1510.34,C6802613,12909.0,11398.66,M1180400,735321.82,655229.67,0,0
40,PAYMENT,1458.17,C2180880,5271.62,3813.45,M7797131,236268.06,44400.92,0,0
40,CASH_OUT,112592.35,C9548652,390006.54,281740.64,C5483372,4631.21,121268.67,1,0
15,PAYMENT,2868.93,C3011954,53775.31,50906.38,M7044723,604089.56,777788.34,0,0
41,PAYMENT,2249.07,C1872583,40587.83,38338.76,M9358445,586802.73,329242.21,0,0
45,PAYMENT,4449.03,C6565823,28790.47,24341.44,M2759834,815916.12,427570.89,0,0
31,CASH_OUT,1697.57,C6274552,32043.87,30346.3,M6165595,263215.32,874407.98,0,0
5,PAYMENT,16122.63,C3570556,206531.85,190409.22,M1777223,906265.78,50896.56,0,0
30,PAYMENT,6768.65,C9669848,128552.9,121784.25,M6016323,855735.17,436817.86,0,0
3,CASH_IN,61068.47,C8540215,1111056.73,1172125.2,M6021105,390922.5,1017905.67,0,0
17,DEBIT,2910.57,C7209694,3587.85,677.28,M4092289,489020.7,425379.59,0,0
28,PAYMENT,17034.49,C1635952,188600.59,171566.1,M7062161,619001.22,267691.96,0,0
8,CASH_IN,18937.4,C1120860,312506.28,331443.68,M8558031,169580.76,393146.17,0,0
5,DEBIT,2442.92,C8305682,11569.86,9126.94,M4783033,144064.21,67415.61,0,0
38,PAYMENT,3424.22,C7064942,17328.32,13904.1,M3284697,466132.36,734611.02,0,0
6,CASH_IN,13479.0,C9038467,150078.12,163557.12,M4187888,70409.31,627680.3,0,0
30,DEBIT,9534.05,C5825087,134732.72,125198.67,M7529230,459305.88,836220.44,0,0
46,PAYMENT,39242.43,C1095744,686246.64,647004.21,M2774828,357966.59,722223.03,0,0
13,CASH_OUT,14320.19,C5124287,101785.97,87465.78,M4113114,980567.75,967271.92,0,0
6,CASH_OUT,25903.17,C3777372,306117.82,280214.65,M6329269,751482.76,1084242.28,0,0
11,DEBIT,7946.35,C8473053,40620.59,32674.24,M4393080,366450.91,610479.41,0,0
27,TRANSFER,198595864.11,C8951486,208987519.28,10391655.17,C6002185,6214.21,198598569.97,1,0
47,TRANSFER,1992367.03,C9251956,1992367.03,0.0,C1406088,8742.39,1998987.52,1,0
2,PAYMENT,4193.83,C7309475,70879.63,66685.8,M9682499,163454.6,568557.49,0,0
3,PAYMENT,4279.39,C1368723,33275.55,28996.16,M5036462,249974.56,283396.37,0,0
19,CASH_OUT,3056.02,C6666311,36099.27,33043.25,M7900168,762973.58,755055.34,0,0
19,PAYMENT,1127.35,C9633844,12294.95,11167.6,M7258040,978745.69,1012107.03,0,0
24,CASH_IN,6590.86,C1583098,121864.39,128455.25,M2786422,975442.25,506813.76,0,0
26,PAYMENT,7519.48,C1633963,66822.55,59303.07,M2090699,95412.18,629782.36,0,0
44,CASH_IN,1823.93,C7952972,36211.65,38035.58,M3172082,448645.23,413171.57,0,0
30,PAYMENT,3777.17,C5259068,27349.15,23571.98,M2438627,196405.38,887632.34,0,0
28,DEBIT,5281.48,C1409254,47528.92,42247.44,M5893347,165269.49,647435.42,0,0
42,PAYMENT,12506.17,C6062597,218566.12,206059.95,M1258992,489034.35,806247.9,0,0
46,CASH_IN,15391.83,C7429732,72521.7,87913.53,M7008434,771203.25,400452.68,0,0
36,CASH_IN,4045.98,C6818941,58613.12,62659.1,M2917156,526805.64,887989.81,0,0
13,CASH_OUT,224637.33,C1430269,845116.8,622963.64,C9359977,224.62,228522.04,1,0
10,PAYMENT,5633.63,C3781919,41275.07,35641.44,M7410022,706448.36,718052.07,0,0
46,CASH_OUT,473006.33,C3160881,1052722.1,581236.93,C8512551,6425.42,479441.03,1,0
6,PAYMENT,1684.67,C4532772,22826.1,21141.43,M4925136,617053.86,1048337.68,0,0
36,CASH_OUT,1202.47,C7482889,15978.72,14776.25,M4460695,761527.47,428906.71,0,0
15,CASH_IN,7277.92,C3670438,74707.58,81985.5,M4543588,566850.84,433354.47,0,0
45,PAYMENT,15381.43,C7111501,231175.02,215793.59,M2264498,674116.08,518978.35,0,0
47,PAYMENT,2450.03,C3927802,26175.04,23725.01,M7642224,528121.22,799054.96,0,0
26,CASH_OUT,1799.18,C1617766,34357.71,32558.53,M1101663,869237.41,373546.54,0,0
22,PAYMENT,1333.89,C4083281,9706.9,8373.01,M4369505,58343.1,421173.53,0,0
3,DEBIT,2799.43,C5691925,11913.37,9113.94,M7795043,10626.72,535806.06,0,0
21,PAYMENT,17582.96,C3211520,329194.97,311612.01,M5897693,104518.8,473257.19,0,0
18,CASH_IN,1174.99,C6610242,3865.36,5040.35,M9949566,824942.81,794577.85,0,0
1,PAYMENT,2570.83,C6216609,46016.36,43445.53,M1517296,112851.75,713582.0,0,0
30,CASH_OUT,2116.91,C7684828,33943.69,31826.78,M1413105,795600.84,836767.94,0,0
47,CASH_IN,1650.9,C7053018,8478.18,10129.08,M3245150,705541.44,522218.58,0,0
27,PAYMENT,7632.03,C1551332,143019.19,135387.16,M5889841,514863.15,149176.64,0,0
18,CASH_IN,42915.35,C3783796,379088.2,422003.55,M3631690,555322.06,723503.1,0,0
46,CASH_OUT,4503.23,C1694903,28526.3,24023.07,M5173346,435149.34,125019.27,0,0
28,CASH_OUT,13505.01,C2219875,196302.95,182797.94,M4475071,573255.67,481383.5,0,0
35,TRANSFER,128141462.72,C7449397,143780154.54,15638691.82,C9725946,2936.86,128145845.62,1,0
10,PAYMENT,35243.01,C1692968,475679.73,440436.72,M3954271,638062.22,1061105.44,0,0
20,PAYMENT,1514.07,C4375878,8141.68,6627.61,M2930221,299380.17,7587.4,0,0
44,PAYMENT,7750.98,C2292924,128472.5,120721.52,M2739829,362373.88,876799.72,0,0
21,TRANSFER,9151051.46,C4522976,9151051.46,0.0,C5349912,5511.32,9157602.95,1,0
30,PAYMENT,1360.36,C7567799,16932.6,15572.24,M5501919,388706.97,514300.36,0,0
47,DEBIT,26696.63,C8806998,378063.05,351366.42,M1142714,262063.62,1017237.14,0,0
32,PAYMENT,1235.41,C7278844,16148.55,14913.14,M5976854,703462.31,234076.31,0,0
18,CASH_IN,10101.33,C9748080,134110.74,144212.07,M3692695,605854.89,991105.56,0,0
39,CASH_IN,1433.08,C4129367,25096.38,26529.46,M4263760,210381.35,667104.5,0,0
24,TRANSFER,6728596.61,C4114711,6728596.61,0.0,C6563344,9788.27,6734211.19,1,0
40,PAYMENT,3478.33,C1558135,22696.0,19217.67,M7734003,935964.98,684411.78,0,0
19,PAYMENT,7935.17,C2773723,134165.55,126230.38,M6097218,252227.22,1021470.02,0,0
20,CASH_OUT,4806.42,C1442752,56935.39,52128.97,M5083771,560087.55,486752.15,0,0
26,TRANSFER,2877388.0,C2105879,2877388.0,0.0,C5561023,7546.13,2881849.25,1,0
36,TRANSFER,6112315.31,C2041494,6112315.31,0.0,C2360586,5553.91,6113983.04,1,0
44,PAYMENT,4711.81,C8156430,35739.85,31028.04,M8659980,57506.23,492935.28,0,0
36,PAYMENT,1477.55,C5484806,3641.29,2163.74,M1737154,800352.95,2516.65,0,0
11,PAYMENT,5381.46,C6730398,61224.37,55842.91,M8152333,881856.33,202738.67,0,0
14,PAYMENT,12015.64,C5238816,48489.97,36474.33,M8285328,868796.6,767315.65,0,0
47,PAYMENT,7198.74,C4485181,52406.41,45207.67,M6712609,878076.36,232891.07,0,0
23,PAYMENT,18858.41,C1351049,199882.77,181024.36,M3813251,286786.25,829417.57,0,0
46,CASH_IN,1676.66,C2195245,20565.73,22242.39,M4968357,308451.78,896455.36,0,0
42,PAYMENT,4481.89,C6263492,79446.16,74964.27,M9787806,124958.97,955573.74,0,0
33,PAYMENT,2208.59,C6464316,20475.29,18266.7,M9948921,26576.36,1081768.13,0,0
4,PAYMENT,9276.38,C1372778,23980.28,14703.9,M7357315,580600.14,519029.71,0,0
22,PAYMENT,67299.67,C1255117,1096141.06,1028841.39,M7730102,474896.84,446739.5,0,0
11,PAYMENT,2350.05,C8368797,31216.96,28866.91,M1120041,898231.84,637650.16,0,0
26,CASH_IN,12323.86,C3216750,54105.64,66429.5,M4525094,69713.47,921888.35,0,0
10,PAYMENT,1774.62,C1650529,26972.88,25198.26,M4369855,666904.04,1059254.73,0,0
40,PAYMENT,3844.55,C4165062,63759.98,59915.43,M5771473,553537.25,1011175.79,0,0
39,DEBIT,1847.45,C9817450,16687.4,14839.95,M8776108,567923.15,659938.92,0,0
24,DEBIT,5762.86,C7311696,101105.78,95342.92,M5831591,748126.54,724935.07,0,0
35,CASH_IN,3173.88,C9848776,7504.55,10678.43,M2924111,921360.74,253260.05,0,0
16,CASH_IN,6789.89,C6210747,71066.64,77856.53,M2107556,148432.95,771256.64,0,0
16,PAYMENT,9828.06,C3595946,18553.59,8725.53,M5158633,819490.15,357335.82,0,0
47,CASH_OUT,9205.38,C2105005,162915.58,153710.2,M1594431,478072.65,983031.67,0,0
2,PAYMENT,2878.02,C9219442,12982.89,10104.87,M9217358,510331.04,755311.79,0,0
14,CASH_OUT,1690.37,C3618382,4366.6,2676.23,M6476018,551430.93,357849.05,0,0
16,TRANSFER,2126630.22,C3192616,2126630.22,0.0,C6174730,6701.18,2131274.69,1,0
47,CASH_OUT,169730.22,C4688928,543386.59,377978.99,C9582667,6733.11,176455.31,1,0
17,PAYMENT,2286.9,C8163812,19465.47,17178.57,M2822692,832821.77,39931.05,0,0
30,CASH_OUT,1303.7,C8395141,25273.28,23969.58,M4228846,334812.24,537544.35,0,0
42,CASH_IN,5883.84,C2616640,97288.95,103172.79,M1606982,664328.92,1075794.71,0,0
41,PAYMENT,10580.04,C4151272,103700.23,93120.19,M1390920,601319.76,760953.85,0,0
13,DEBIT,6232.35,C8885094,87089.43,80857.08,M5578144,410691.15,232632.67,0,0
31,PAYMENT,7359.73,C3162115,39482.88,32123.15,M9683603,229186.4,510408.16,0,0
10,PAYMENT,5440.66,C3991101,74317.28,68876.62,M5252474,930127.47,782920.16,0,0
19,CASH_OUT,7842.31,C3985634,110702.09,102859.78,M7445907,142199.75,195019.55,0,0
4,DEBIT,3640.36,C6070128,59802.6,56162.24,M3045848,355164.65,968427.27,0,0
7,PAYMENT,51994.26,C3545292,976817.23,924822.97,M7954744,842789.39,110281.57,0,0
9,CASH_IN,2632.35,C7658345,35276.91,37909.26,M3746547,881955.95,72658.01,0,0
4,TRANSFER,7164627.04,C6792947,7164627.04,0.0,C8854445,8114.88,7166817.46,1,0
17,PAYMENT,2550.33,C8918675,47410.65,44860.32,M5668965,118521.0,706175.12,0,0
40,CASH_OUT,3398.08,C1521727,28979.6,25581.52,M3794040,668579.44,950196.37,0,0
46,TRANSFER,1204349.54,C1630371,1204349.54,0.0,C3180530,9461.13,1214071.33,1,0
45,PAYMENT,3494.54,C1008184,56505.3,53010.76,M5356868,57466.67,1023053.17,0,0
2,PAYMENT,1182.4,C3683514,10239.36,9056.96,M7109403,285540.14,410725.73,0,0
43,CASH_IN,19814.98,C1960963,251969.29,271784.27,M8591571,674383.02,1021262.25,0,0
32,TRANSFER,4765934.94,C6766827,4765934.94,0.0,C6663151,3236.44,4767351.25,1,0
25,PAYMENT,3728.16,C3733866,26314.97,22586.81,M8188165,25936.43,909463.16,0,0
17,PAYMENT,1775.27,C9459588,17683.02,15907.75,M2718088,922253.32,16089.42,0,0
39,DEBIT,2076.48,C4383442,14216.31,12139.83,M7325090,622545.86,852359.5,0,0
36,PAYMENT,2410.25,C6886147,22066.33,19656.08,M9931137,764545.16,1022014.68,0,0
42,DEBIT,4178.57,C7979122,44070.59,39892.02,M5537917,30931.48,933507.45,0,0
44,CASH_OUT,36646.75,C4655576,481388.96,444742.21,M2827281,74759.78,230270.45,0,0
4,PAYMENT,6815.68,C7613677,13969.98,7154.3,M6882674,623849.07,183838.64,0,0
19,PAYMENT,7944.45,C7718667,59502.37,51557.92,M3879379,694482.43,510078.88,0,0
42,CASH_OUT,48488.24,C7774172,266072.86,217584.62,M5306840,261062.73,744862.9,0,0
39,TRANSFER,2845005.38,C6124826,2845005.38,0.0,C9815228,7907.08,2848230.12,1,0
32,PAYMENT,7797.7,C1561539,149719.38,141921.68,M3979790,919282.09,242967.1,0,0
33,CASH_OUT,8298.46,C6282245,50337.58,42039.12,M2331422,472531.0,724241.18,0,0
47,PAYMENT,113460.3,C6765729,484305.58,370845.28,M4333835,962108.7,1060103.92,0,0
19,PAYMENT,4718.14,C2219874,57849.51,53131.37,M3515517,192076.3,353205.11,0,0
27,PAYMENT,2524.82,C1319959,12825.4,10300.58,M9933073,248467.56,447125.35,0,0
18,CASH_IN,2086.55,C2752217,19032.21,21118.76,M3165996,333895.43,285377.76,0,0
46,CASH_IN,103999.36,C4997254,1593372.91,1697372.27,M3336503,552747.33,874497.94,0,0
42,DEBIT,4646.91,C3667312,62531.54,57884.63,M6249549,193358.66,172041.78,0,0
5,CASH_OUT,107318.84,C5056969,316661.43,209342.59,M2402010,987732.71,289153.64,0,0
46,CASH_OUT,3069.35,C9547874,56530.73,53461.38,M5976013,46491.05,1068444.46,0,0
37,PAYMENT,3409.79,C5629883,52452.05,49042.26,M9701376,719383.44,507182.32,0,0
5,PAYMENT,4653.73,C2683280,35259.62,30605.89,M3931494,130112.38,255084.23,0,0
2,CASH_IN,1065.74,C8548805,5364.94,6430.68,M8454971,511423.21,77016.92,0,0
34,CASH_OUT,2053.84,C8612119,15434.25,13380.41,M5444538,908804.42,1029388.72,0,0
46,DEBIT,2138.96,C9884616,8154.69,6015.73,M9477883,474847.68,742447.59,0,0
45,PAYMENT,95161.41,C6000494,529388.43,434227.02,M3879791,55178.43,322054.14,0,0
44,DEBIT,3732.87,C5058533,14834.12,11101.25,M8717396,347154.01,683719.82,0,0
35,CASH_OUT,417381.26,C7013539,988362.27,575689.21,C4246622,7601.3,425229.88,1,0
26,CASH_IN,6849.34,C7672814,24842.07,31691.41,M6168558,295378.58,414718.35,0,0
23,PAYMENT,24628.35,C9993958,144791.14,120162.79,M2920525,123152.98,762216.19,0,0
1,TRANSFER,8397905.09,C9885497,8397905.09,0.0,C7273635,3955.3,8401963.45,1,0
40,TRANSFER,131181766.86,C9657256,155850129.7,24668362.84,C5582095,8874.87,131188649.63,1,0
10,TRANSFER,1728785.45,C5484878,1728785.45,0.0,C5750290,9796.09,1733760.03,1,0
31,PAYMENT,3697.04,C5595513,32979.17,29282.13,M9097596,152426.47,311428.52,0,0
45,PAYMENT,2178.08,C1500624,38347.37,36169.29,M5837452,390784.0,400224.29,0,0
42,PAYMENT,2325.82,C3945098,11560.11,9234.29,M7086118,187438.68,172118.18,0,0
40,PAYMENT,21948.2,C9575459,307030.78,285082.58,M1200179,395209.05,1076142.9,0,0
34,PAYMENT,3710.47,C3980728,10265.81,6555.34,M4558264,223775.25,516136.85,0,0
46,CASH_IN,1175.72,C1717161,6029.04,7204.76,M8170355,112403.06,805996.55,0,0
23,PAYMENT,19289.87,C5880283,206799.35,187509.48,M3718836,668214.62,421303.69,0,0
17,PAYMENT,3837.09,C6473626,38781.3,34944.21,M8805869,262908.31,914876.49,0,0
20,CASH_OUT,10800.23,C6112331,108621.6,97821.37,M5461147,728794.68,630836.37,0,0
8,CASH_IN,10375.02,C3129773,46336.47,56711.49,M6160488,803458.48,277800.1,0,0
3,PAYMENT,5294.11,C1058200,95655.57,90361.46,M6021324,605680.08,429598.33,0,0
15,CASH_IN,1516.17,C5858265,2574.41,4090.58,M5465190,888413.94,917834.56,0,0
42,TRANSFER,151268380.58,C8295960,158577635.44,7309254.86,C3871120,1061.18,151269029.22,1,0
8,PAYMENT,5112.78,C3384234,80689.09,75576.31,M9890601,283054.68,522008.2,0,0
45,PAYMENT,12378.8,C1819788,74270.37,61891.57,M3090842,888259.31,775747.38,0,0
9,PAYMENT,3296.08,C2954322,26749.87,23453.79,M8314232,639568.89,1001507.35,0,0
3,PAYMENT,2227.84,C7076873,10134.87,7907.03,M2637620,266672.54,84300.77,0,0
26,CASH_OUT,2319.32,C7410904,26766.62,24447.3,M1204378,121180.13,800159.42,0,0
35,DEBIT,13828.09,C7206507,147958.0,134129.91,M6178135,594682.41,805629.65,0,0
29,PAYMENT,2287.94,C7539642,41301.97,39014.03,M8681122,168352.56,1032959.56,0,0
7,PAYMENT,5960.74,C3653426,39543.39,33582.65,M9158164,181465.96,396464.24,0,0
22,CASH_IN,2960.65,C4139012,37218.03,40178.68,M1671012,544986.26,866015.67,0,0
22,CASH_OUT,1610.05,C4803559,13992.33,12382.28,M6074827,432077.52,322821.01,0,0
26,DEBIT,2251.61,C7821963,34198.0,31946.39,M3444032,965313.44,1029921.87,0,0
6,PAYMENT,6750.56,C4864588,15403.47,8652.91,M5463834,766750.13,301772.35,0,0
37,CASH_OUT,257294.57,C1930694,709826.4,454495.96,C7346353,4171.92,266509.81,1,0
20,CASH_OUT,8175.62,C9903018,67042.58,58866.96,M6798038,786078.56,76285.93,0,0
30,PAYMENT,5645.96,C6890753,97561.52,91915.56,M2264354,447929.24,88415.54,0,0
18,PAYMENT,2252.11,C8923439,14894.99,12642.88,M4398779,212184.99,113307.09,0,0
32,PAYMENT,8328.26,C1382549,36859.34,28531.08,M9608380,190336.84,24376.1,0,0
46,PAYMENT,1525.54,C8452991,3207.09,1681.55,M9694494,176587.6,156166.77,0,0
26,PAYMENT,3252.43,C2344980,46511.89,43259.46,M2400647,798443.42,248143.44,0,0
9,PAYMENT,3353.2,C9997021,59859.88,56506.68,M9738244,582788.97,908602.41,0,0
10,PAYMENT,4218.45,C3001872,9053.37,4834.92,M8660299,133374.87,788124.38,0,0
39,CASH_IN,23436.06,C4705594,414448.72,437884.78,M5850344,590944.94,1062851.51,0,0
8,TRANSFER,1923544.5,C9423968,1923544.5,0.0,C6395892,7875.26,1928468.94,1,0
44,PAYMENT,5244.43,C8790501,85191.27,79946.84,M9361680,540787.63,1084684.92,0,0
35,PAYMENT,2150.47,C5191322,38878.54,36728.07,M6748189,679358.08,556616.0,0,0
44,PAYMENT,9669.26,C5169540,125948.25,116278.99,M4145518,428839.64,947936.49,0,0
43,PAYMENT,2857.47,C9226015,16040.22,13182.75,M4611279,270063.42,710071.13,0,0
11,CASH_IN,1867.99,C7880066,35778.95,37646.94,M4201916,172612.74,161883.98,0,0
34,PAYMENT,10038.9,C1843534,171481.37,161442.47,M7689470,446890.11,1067713.58,0,0
25,DEBIT,3214.96,C1791980,58845.44,55630.48,M3495576,748390.64,854867.18,0,0
46,CASH_OUT,6283.33,C7503716,73239.67,66956.34,M3865925,267853.53,137444.64,0,0
8,DEBIT,8014.39,C1066799,17138.08,9123.69,M4784500,868986.98,964026.21,0,0
2,CASH_OUT,2662.53,C9170493,27763.94,25101.41,M3219748,535491.29,62524.79,0,0
8,PAYMENT,1373.28,C1197431,23269.94,21896.66,M7310000,839673.52,59956.45,0,0
10,TRANSFER,1289459.05,C2016791,1289459.05,0.0,C7856849,7974.26,1294803.1,1,0
33,CASH_IN,1341.25,C8660295,12120.53,13461.78,M7435775,214020.05,389493.48,0,0
17,PAYMENT,5851.25,C3637888,103213.15,97361.9,M5866178,2364.22,800435.32,0,0
18,PAYMENT,7558.14,C3040546,146076.55,138518.41,M9375978,488729.06,691162.51,0,0
37,DEBIT,6299.1,C1838941,38603.0,32303.9,M3632544,782175.58,24352.78,0,0
7,PAYMENT,2846.33,C5502590,51621.23,48774.9,M5480642,572718.95,116810.96,0,0
20,DEBIT,12395.14,C2082663,106710.58,94315.44,M9845711,175734.35,61339.77,0,0
4,CASH_OUT,24625.35,C3707062,34900.18,10274.83,M4068645,236263.1,805368.1,0,0
46,TRANSFER,6212731.86,C7226293,6212731.86,0.0,C6459074,1961.94,6219095.51,1,0
36,PAYMENT,8336.95,C6104692,134428.6,126091.65,M1467529,533753.61,144874.74,0,0
8,PAYMENT,2485.39,C6284746,40193.79,37708.4,M8037778,759739.8,857834.88,0,0
